0	1	2	3	4	5	6	7	8	9	10	11	12	13	14
0.8086274	0.68322724	0.9190244	-1.0874313	0.2810457	-1.0274938	1.100614	-0.79593414	-0.78085285	-0.79160637	-0.76266325	0.77773196	-0.93854773	1.0311639	0.21667899
0.6840195	0.5676414	0.70881736	-0.52672243	0.5722227	-0.73140365	0.6284151	-0.36660025	-0.5668041	-0.473841	-0.53226155	0.60183215	-0.6559557	0.5077259	0.6920818
0.5442059	0.20204338	0.2889312	0.2763591	-0.91381514	-1.1644363	0.52686363	-0.40829724	0.98677623	0.97028434	-0.58913493	0.22152814	-0.6119362	0.87278074	0.8127542
0.68974566	0.54884034	-0.25936338	-0.75943315	0.8357086	-0.9868547	0.7785193	-0.9507607	-0.99094284	-1.3074049	-0.7836266	0.52884793	-0.097217724	0.5230523	0.3911346
0.50638074	0.5077233	0.59811044	-0.48638344	0.65697455	-0.8453097	0.5394624	-0.52683294	-0.65007347	-0.96281403	-0.74859065	0.5502946	-0.7318589	0.45102406	0.58557445
0.5624096	-0.06665118	1.1376407	-1.2768829	-0.116978146	-1.2643632	0.057135545	-0.3272694	-0.735769	-0.6489623	-0.54369646	1.2043817	-0.24983256	-0.31550196	0.93680733
0.85421103	0.72472864	0.6489944	-1.0333539	0.81985885	-1.1978666	0.8337625	-0.689205	-0.91468835	-0.6197887	-0.6782494	0.36651888	-0.36086658	0.32883364	0.617103
0.7513399	0.44321653	0.5317143	-0.6291226	1.0053285	-0.6725858	0.3651205	-0.55362344	-0.42232686	-0.57004875	-0.811599	0.57812333	-0.541476	0.21417028	0.750304
0.50657636	0.5825449	0.7665574	-0.43708748	0.873571	-0.36342904	0.69117415	-0.6925341	-0.762203	-0.7489223	-0.76091784	0.51291424	-0.60784787	0.849055	0.50514716
0.35071614	0.49754608	1.1763389	-0.22014093	-0.15136331	-0.43351272	0.29036653	-0.9718596	-1.1727505	-0.6663895	-0.24632744	0.7451212	-0.42012283	-0.110837035	0.27919334
0.9785912	1.0144706	0.7170853	-0.68322986	0.70719475	-0.012138309	0.36028102	-0.7088573	-0.6155613	-0.7098929	-0.72676235	0.7625777	-0.6602086	0.5355869	0.84175533
0.72794694	0.6546288	0.99609333	-0.77701455	0.30218062	-0.36150312	0.79572946	-0.61115324	-0.8142348	-0.9944727	-0.7650102	0.88605237	-0.5379214	0.39673048	0.79482716
0.67009646	0.7963952	0.69822294	-0.66536885	0.80108196	-0.195876	0.813534	-0.5575633	-0.083131604	-0.4914143	-0.7846467	0.3196513	-0.6534653	0.9646453	0.691082
0.5509358	0.4400383	0.66374755	-0.8156031	0.622518	-0.8791024	0.62459403	-0.550238	-0.72730476	-0.45755628	-0.5460609	0.87358105	-0.35053864	0.16895023	0.51170987
0.47352523	1.0145313	0.5252539	-0.92901057	0.8316975	0.26680025	0.5207292	-0.4003034	-0.98411506	-0.84623224	-0.6074516	0.26140344	-0.3956631	0.48109794	0.9911359
0.47617772	0.56853783	0.46727118	-0.62981975	0.40880117	-0.77778447	0.5706442	-0.7462385	-0.8254143	-0.48275003	-0.5997989	0.5626667	-0.61581457	0.71037346	0.48898187
0.6674521	0.6132854	0.93576884	-0.7646198	0.8046106	-0.4597264	0.66460353	-0.55966103	-0.5057	-0.59499097	-0.7579191	0.45531777	-0.60214305	0.52232736	0.7485249
0.4049831	1.0073347	0.6223014	-0.6001799	0.6435437	-0.9634055	0.73100996	-0.54386413	-1.0008286	-0.4645908	-0.3805147	0.6252665	-0.7290009	0.8831195	0.23605356
0.58200914	1.6222819	0.7124322	0.23045987	-0.34358314	-0.71909267	0.028920157	-0.0453424	-0.37617403	-1.0673418	-0.979943	0.7385885	-0.94315517	0.7258856	0.104025476
0.99545383	0.23206618	1.16401	-1.0662881	1.1817142	-1.0673395	0.4576807	-0.6155888	-1.2277566	-1.3312699	-0.8238949	0.6810577	-1.0749913	0.5619375	0.3557859
1.0245413	0.0023420944	1.3695701	-1.3079079	0.15481748	-0.25487432	0.6815785	0.015587285	-0.20932353	-0.6558272	-0.505148	0.691862	-0.13321508	0.16694468	0.15598673
0.20259616	0.40342152	0.6281434	-0.27114055	0.54852504	-1.0007899	0.25048786	-0.6018152	-0.54593724	-0.4808902	-1.0719951	0.36761785	-0.26665008	-0.19919266	0.6456949
0.471996	0.70959586	0.10641675	-0.7174758	0.5692983	-0.7589923	0.6450267	-0.34410802	-0.48565444	-0.5960735	-0.5977087	0.6541428	-0.7542371	0.6104945	0.47432467
0.58164144	0.6025633	0.6821226	-0.59404767	0.5763207	-0.41340834	0.5059004	-0.77037483	-0.45460832	-0.6838966	-0.51398176	0.49710983	-0.7547172	0.5811286	0.7697413
0.7072525	0.6113451	0.605651	-0.63193524	0.5690974	-0.4732904	0.6056408	-0.37978822	-0.55333316	-0.6672275	-0.5289081	0.7217892	-0.64621115	0.7518799	0.63051265
0.44530523	0.40915838	0.4852535	-0.15093803	0.50225985	-0.2542463	0.4243187	-0.40189248	-0.16043727	-0.350224	-0.56971157	0.33495706	-0.4346403	0.36402208	0.60170335
1.1169106	0.47374827	0.82925195	-0.81637335	0.15300807	-0.62359834	0.37091994	-0.37195784	-1.0239857	-0.9505494	-0.70575047	1.0173607	-0.48338962	0.045138557	0.49343312
0.47094715	1.4342896	0.39124748	-0.96205556	1.1525004	-0.016317274	0.8697701	-0.05208693	0.15601882	0.15791544	-0.6632172	-0.34906653	-0.7502038	-0.45145512	0.34226608
0.7266502	0.80185825	0.6673911	-0.77350235	0.63282895	-0.65466255	0.74143356	-0.8713895	-0.42838672	-0.83383507	-0.787696	0.57506895	-0.6570459	0.69915134	0.68538326
0.82184106	0.5689855	0.8814719	-0.7680066	0.7531166	0.07945721	0.81007755	-0.5273497	-0.37699205	-0.62969375	-0.7076519	0.89515424	-0.6999474	0.72657347	0.4900606
0.71932274	0.46264243	1.0178813	-1.0442833	0.5115347	-0.7296935	0.7163256	-0.5247543	-0.38530278	-0.68287015	-0.4830694	0.81594986	-0.47097757	0.40498376	0.78493863
0.62145567	0.6030707	0.44979706	-0.62133175	0.9524715	-0.5020092	0.52772534	-0.91176677	-0.5612162	-0.7469953	-0.7396912	0.74010944	-0.88153744	0.7091431	0.51869863
0.635613	0.60123134	0.9569653	-0.6836605	1.0853219	-0.36668703	0.7668056	-0.4761813	-0.6960526	-0.7221489	-0.78826374	0.57021165	-0.73312205	0.9597476	0.63334197
0.58846617	1.069462	0.46268833	-0.01704483	0.14089048	-0.51983726	1.2007394	-0.8513085	-0.710106	-0.5492163	-0.026668524	0.79895705	-0.3163172	0.93457806	0.49437362
0.69190246	0.54082423	0.6980719	-0.5070939	0.59191537	-0.83453745	0.49542546	-0.5948173	-0.7392186	-0.81141466	-0.83047986	0.54181635	-0.2925798	0.23733144	0.63699734
0.1861771	0.24532919	0.47257134	-0.64544475	0.4052369	-0.1100811	0.37969974	-0.5821522	-0.4577628	-0.29652998	-0.41332972	0.41195604	-0.5295501	0.97114295	0.2555181
0.86299044	0.3914839	0.55572486	-0.58489454	0.6982433	-0.78612137	0.68714404	-0.771181	-0.15212338	-0.38122404	-0.669165	0.6996445	-0.3637	0.7550501	0.90696156
0.49900383	0.5778158	0.5970241	-0.7194956	0.3719378	-0.4727625	0.35730478	-0.8620455	-0.6730896	-0.71019197	-0.8488405	0.73088634	-0.6433052	0.46231207	0.61573774
0.59252435	0.68812877	0.57614267	-0.26154903	0.9627832	-0.48097667	0.6200507	-0.8138516	-0.73541224	-0.46749008	-0.819507	0.8706044	-0.66847235	1.1440434	0.9901961
0.6952557	0.44143844	0.67675686	-0.32685682	0.71423423	-1.2184749	1.1508756	-1.1026018	-0.6579484	-1.1853037	-0.604464	0.6576551	-0.813857	0.44171894	0.4870454
0.29439965	0.69086033	0.18138368	-0.19665603	0.27994943	-0.52021503	1.067191	-0.36609143	-1.244194	-0.65152895	-0.554478	0.6871056	-0.20241168	1.1383786	0.39293972
1.1118953	0.26766828	0.06811	-0.8427449	0.64453423	0.11593362	1.3291867	-0.19602071	-0.97714734	-1.4649096	-0.9211533	0.8002219	-0.55265486	0.24483098	1.1904571
0.74027646	0.5539401	0.8300224	-0.84539413	0.32725018	-1.688801	0.31697404	-0.31072116	-1.4753908	-1.1289035	-0.5207082	0.48043934	-0.3786559	0.80227023	0.5964767
0.4895797	0.7091985	0.5794814	-0.47521153	0.81125396	-0.6057911	0.55775225	-0.553534	-0.82149076	-0.62423116	-0.85720605	0.7775677	-0.6575633	0.69614774	0.40770376
1.0461919	0.41883937	1.0627055	-0.7787882	1.1407038	0.21456929	1.0872195	-0.5514159	-0.5499218	-0.5045081	-0.89757276	1.0844	-0.35130152	1.4999535	0.84257185
0.7803959	0.7291141	0.9859412	-0.79843533	0.6789243	-0.7976056	0.22596352	-0.4708522	-0.40368235	-0.65421605	-0.6377146	0.71591425	-0.55555046	-0.14622182	1.010078
0.21796975	0.34924433	0.85858023	-0.52978945	0.7466912	-0.7581488	-0.06812455	-0.31693685	-1.0494181	-0.86959076	-0.40576932	0.5296302	-0.069723964	0.107674696	0.73048556
0.8485589	0.67900705	0.77080214	-0.9400738	0.5620424	-0.41245022	0.60981476	-0.51272404	-0.20813087	-0.5520851	-0.64349276	0.59070647	-0.5072967	0.39939556	0.7171785
0.62204105	0.5910918	0.60189533	-0.4686622	0.5831035	-0.36895373	0.4081593	-0.53301007	-0.29429477	-0.39985967	-0.506879	0.38789573	-0.53880525	0.58589184	0.4299493
-0.43102524	0.8165103	-0.81662506	-0.061191544	0.4914321	-1.4353656	-0.06892123	-0.26980507	-0.6869287	-0.6518419	-0.79591215	-0.18718433	-0.711162	0.42956698	0.84823346
0.396201	0.23136996	0.91201615	-0.60105926	1.131522	-1.2314787	0.72348475	-0.6386405	-1.6388321	-0.30042765	-1.0844358	1.2084316	-0.51308453	1.2713137	0.9361614
0.7819549	0.6899109	0.8435433	-1.0259186	0.7297517	-0.98210716	0.76838875	-0.8510194	-0.776814	-0.9946097	-0.6878845	0.5992365	-0.619153	0.5938682	0.9188697
0.8201066	0.52645695	0.88274515	-0.7386822	0.6519768	-0.47330624	0.7579722	-0.64546216	-0.42137024	-0.75425947	-0.7020537	0.8490506	-0.58488923	0.76572394	0.9051954
0.39961028	0.18542226	0.34288064	-0.30238873	0.3675402	-0.19348918	0.32720742	-0.44152772	-0.5059244	-0.44478485	-0.3517239	0.32349238	-0.42067838	0.29762846	0.28468248
0.25550187	0.6756773	0.6450447	-0.26769227	0.35975847	0.22855039	0.85996467	-0.5664575	-0.2004114	-0.41750622	-0.58185816	0.586571	-0.51338017	0.84523994	0.6839504
0.8281152	0.35712814	0.73582816	-0.6993726	0.5863894	-0.6132344	0.58162236	-0.66462266	-0.24066855	-0.19367222	-0.6697279	0.62773377	-0.46029097	0.796745	0.8665331
0.12674591	1.2260767	0.43215838	-0.58491457	0.6106354	-0.46713635	0.8049502	-1.2609906	-0.92027056	-1.3342507	-1.1918669	0.92375815	-0.9853243	0.8113157	0.24769697
0.9467125	0.7531885	0.91194636	-0.98351806	0.6880273	-0.6548172	0.5874427	-0.5524905	-1.0673484	-0.8601194	-0.7087324	0.8604864	-1.012642	0.34612796	0.62023246
0.40229443	0.76457596	0.4906318	-0.5424907	0.7858486	-1.6468644	0.602262	-1.0544568	-1.2772946	-0.7676464	-0.55422	0.41925222	-0.80589575	0.5878763	0.52182317
0.50745183	0.55253845	0.61108726	-0.52896655	0.5395408	-0.31624174	0.43978146	-0.6239085	-0.34036574	-0.5553853	-0.51934224	0.48649767	-0.46125448	0.21825948	0.53997254
0.4642362	0.74778247	0.51512235	-0.43171635	0.79014266	-0.43859002	0.63807404	-0.83713293	-0.46865562	-0.41120863	-0.6505338	0.4637015	-0.69367987	0.76319766	0.6830451
1.0051005	0.7918717	0.48417965	-1.0343379	0.85838	-0.516652	0.502689	-0.41407883	-0.66550773	-0.65907	-0.65813196	0.6082245	-0.72109216	0.90816444	0.76512694
0.62631154	0.48838112	0.50487405	-0.07226239	0.8993902	-0.25290927	1.0477487	-1.0960338	-0.61585414	-1.0401809	-0.9786994	0.59590816	-0.444603	0.68311656	0.63793576
0.82096976	0.18197307	0.53700167	-0.3329091	0.62475795	-1.0936338	0.670022	-0.85989755	-0.8263351	-0.1655083	-0.69313675	0.33718976	-1.2727516	0.87715435	0.8804166
0.58503073	0.64355373	0.494116	-0.36930275	0.57717675	-0.13612318	0.6639304	-0.6240629	-0.6409424	-0.5899494	-0.5383493	0.49505743	-0.4774493	0.6890396	0.66936195
0.36785182	0.4426047	0.74248	-0.65659165	0.6091895	-0.92261744	1.0426908	-0.69979054	-0.9050034	-0.5607916	-0.6863604	0.49936825	-0.8940492	1.0250579	0.62030315
0.7011879	0.86588544	0.6176838	-0.6510651	0.4199778	-0.6885035	0.55603606	-0.3809742	-0.7752301	-0.8379577	-0.624045	0.51177377	-0.43096903	0.5040678	0.61604106
1.0631125	0.12445608	1.3152198	-0.875839	1.2235461	1.0862308	0.9960019	0.34472966	0.06120489	-0.10468098	0.5548668	1.6945176	0.0905983	0.5864546	0.81962013
0.6277419	0.8547933	0.6841825	-0.84795994	0.55673	-0.5890558	0.59468335	-0.7166529	-0.5988162	-0.8369295	-0.82518464	0.59721416	-0.6650718	0.7523913	0.742143
0.7511168	0.6418816	0.7386388	-0.7626967	0.82224464	-0.73081297	0.60398465	-0.8931582	-0.50464743	-0.69144243	-0.81049	0.68033737	-0.6324907	0.5864942	0.5905481
0.6362723	0.5285974	0.91977006	-0.93261534	0.08640142	-0.89716357	0.41866416	-0.5469929	-0.53246886	-0.6198977	-0.29438385	0.6964059	0.14301907	-0.04902863	0.8352793
0.68658674	0.6810312	0.5092523	-0.5495367	0.649698	-0.23915572	0.6823738	-0.61501855	-0.13165371	-0.51065254	-0.67689455	0.47378772	-0.75500536	0.50906706	0.632931
1.0884836	1.0611691	0.7133976	-0.74326646	0.4357953	-0.37549734	0.7893041	-0.19606473	-0.5525822	-0.86027706	-0.7321223	0.8102192	-0.53908396	1.0309907	0.69772077
0.5675833	0.5857655	0.43481326	-0.7465474	0.89162785	-0.50190353	0.78995633	-0.5775288	-1.2692224	-0.85984725	-0.8142276	0.5602395	-0.6909937	0.56850153	0.72709984
0.51006216	0.37469757	0.75276345	-0.6446313	0.35834324	-0.26092124	0.59034383	-0.8358841	-0.57349545	-0.62731385	-0.07219111	0.8387698	-0.8193555	0.5312211	0.88076717
0.67965096	1.0048363	0.08697156	0.42680016	0.7792578	-0.3853697	0.459536	-0.6745179	-0.6128437	-0.20329362	-0.72205013	0.3361996	-0.7689208	0.8605181	0.7436996
0.7285708	0.6534785	1.0377135	-0.90358347	0.8420924	0.07166024	0.38300806	-0.7880984	0.25831252	-0.53428864	-0.60760903	0.48477075	-0.45023334	0.4278158	0.55196655
0.73160326	0.7854346	0.6950501	-0.47522223	0.6257562	-0.7208925	0.36500263	-0.70142835	-0.26238155	-0.63124716	-0.62260956	0.5321721	-0.48570344	0.37312862	0.71436363
0.71824265	0.6751812	0.7529864	-0.74385697	0.8537816	-0.84391063	0.7452647	-0.6924082	-0.6409484	-0.42644215	-0.794102	0.6180111	-0.66501975	0.46453837	0.68954426
0.843785	0.81341684	0.8936715	-0.99316865	0.5914849	-0.6428255	0.62768984	-0.54545474	-0.512916	-0.6635518	-0.48428386	0.5316154	-0.6952076	0.62513125	0.5923558
0.4462877	0.69041264	0.48413312	-0.41330627	0.39192864	-0.6917015	0.10890758	-0.5419391	-0.23161162	-0.36312944	-0.5819734	0.2958236	-0.40657672	-0.058215383	0.4908043
1.0232409	0.6532795	0.56314147	-0.23709606	-0.3506133	0.03351805	0.656689	0.010727114	-0.7571582	-0.3483195	-0.18854752	0.91748357	-0.41648066	1.0808797	0.6724924
0.81162995	0.731121	0.882214	-0.6768137	0.5516571	0.52621067	0.55633557	-0.7605269	-0.6289003	-0.7588911	-0.64792013	0.4451754	-0.6451575	0.9356047	0.31335363
0.7128076	0.3088154	0.6954088	-0.73522115	0.8532101	-0.8253241	0.71800137	-0.6241956	-0.7770424	-0.69782263	-0.5183129	0.65445113	-0.8264668	0.58310825	0.43981504
0.50966525	0.6440978	0.6654813	-0.6191074	0.77087575	-0.5271488	0.66966456	-0.6497514	-0.85853034	-0.8902581	-0.4927411	0.78566927	-0.6491949	0.54347306	0.7432545
0.6611035	0.44870493	0.65685666	-0.64358026	0.40192518	-0.51142216	0.71639353	-0.6413336	-0.7197421	-0.6849358	-0.5911715	0.80642813	-0.40466008	0.562631	0.44659525
0.58510554	0.65304685	0.40280387	-0.41241437	0.65076196	-0.40084985	0.52757496	-0.5683383	-0.6272558	-0.5882403	-0.51518816	0.6151622	-0.5873676	0.62961286	0.528291
0.66521007	0.70477015	0.64005244	-0.5007023	0.8034119	-0.35732806	0.7498398	-0.78773606	-0.4874647	-0.69151634	-0.8924937	0.41687933	-0.83373505	0.8584648	0.83502007
0.055266123	-0.1827051	1.0019853	-1.4413924	-0.6639922	-2.261578	0.58652806	-1.6799421	2.3135998	1.9583617	-0.26201388	-0.29518905	-1.195777	0.042937804	-0.7231027
0.7502935	0.6096316	0.73518074	-0.5558719	0.5217953	-0.61907256	0.74085504	-0.63100594	-0.9096735	-0.78146005	-0.80173904	0.6400885	-0.8503298	0.54348105	0.8851235
0.27331534	0.7768338	0.17513828	-0.29909745	1.0435975	-1.3880408	1.1015383	-1.0262028	1.0580034	-0.8979347	-0.48005432	-0.30551997	-0.14952391	1.4261184	1.0794668
0.6924601	0.70665264	0.8233684	-0.45113486	0.710772	-0.5552866	0.6804337	-0.6126703	-0.5879182	-0.49109083	-0.5582694	0.5737303	-0.4298824	0.39965764	0.7491336
0.8977499	0.8960489	0.84761775	-0.644804	0.5724798	-1.0034869	0.45961177	-0.5952445	-0.33928937	-0.47539228	-0.8214001	0.80027014	-0.43183702	0.4784749	0.9476721
0.47814786	0.46217588	0.7240284	-0.8624977	0.36718652	-0.29369703	0.16135295	-0.6832882	-0.18340473	-0.60526055	-0.7023681	0.67149	-0.26212567	0.1507447	0.8492617
0.664656	0.91978294	0.6205356	-0.90377384	0.492925	-1.058244	0.76502764	-0.71086866	-0.61509585	-0.9230399	-1.0740291	0.4610022	-0.60111624	0.53993666	0.86152947
0.8443182	0.8465065	0.77034026	-0.55200744	0.8047165	-0.51996523	0.43958494	-0.8215294	-0.35121673	-0.7084322	-0.790886	0.9862472	-0.7863641	0.31767553	1.0648723
0.74523354	0.7806979	0.93160564	-0.78432226	0.7078031	0.002684221	0.8059769	-0.5638631	-0.3064003	-0.56493866	-0.305196	0.5944106	-0.4324971	0.7597874	0.7358853
0.6395793	0.5760172	0.81205356	-0.9940444	0.43222472	-0.67632765	0.7336733	-0.29090774	-0.9620679	-1.0258443	-0.32639533	1.0343404	-0.7429285	1.1663069	0.74090976
1.0381656	0.67234504	0.9634988	-0.82535225	0.6976296	-0.3927343	0.63930994	-0.6667485	-0.44383538	-0.74801874	-0.89067096	1.0121286	-0.5944945	0.5216099	1.1334653
0.709054	0.5575659	1.07674	-0.66172487	0.2504691	-0.66811746	0.92077225	-0.44535786	-0.67419094	-0.44467655	-0.46886408	1.1828245	-0.5206567	0.34059665	0.6884333
0.39681527	0.7719791	0.466284	-0.47369003	0.9428626	-0.74510646	0.7604195	-1.0289537	-0.72502404	-0.8403356	-0.7949943	0.43470436	-0.71677625	0.63491714	0.69719034
0.74791515	0.2520788	0.50318635	-0.56358284	0.66564614	-0.7309588	0.70984536	-0.30475086	-0.5523265	-0.63743067	-0.84292483	0.5888305	-0.59791565	0.5123745	0.6465886
0.5462287	0.87828577	0.47185352	-0.21677653	-0.095817104	-1.5861863	0.8798896	-0.24727258	-1.09309	-0.75953525	-0.64029604	0.3485955	-0.84798867	0.9023099	0.86553687
0.41680032	0.13798384	0.50339144	-1.3118037	0.4413249	-0.5692011	0.25821948	-0.9341809	-1.129376	-1.1371686	0.025493318	0.7266468	-0.64391005	0.28977132	-0.062059626
1.0094509	0.35405505	-0.16141237	-1.0611446	0.39570594	-0.86666983	-0.32536238	-0.68152565	-1.6151941	-1.0131164	-0.33825868	-0.61428016	0.0096793175	0.078649126	0.7548652
0.7991745	0.6525444	0.7307291	-0.7803673	0.824873	0.12309452	0.7271869	-0.3448686	-0.75193167	-0.49458763	-0.6594278	0.63179487	-0.75439197	0.7406245	0.7026623
0.62373435	0.4304712	0.76981866	-0.9739188	0.57954365	-0.5649187	0.5021622	-0.52756596	-0.5280212	-0.7031796	-0.7576678	0.7316165	-0.36874163	-0.1702616	0.7785664
0.8959296	0.6377211	0.8668901	-0.7192472	0.61472505	-0.30256256	0.6935337	-0.6630558	-1.0612721	-0.7670121	-0.72611487	0.6111255	-0.9899013	0.6644593	0.7688114
0.6298274	0.48423	0.55897754	-0.65027654	0.56974494	-0.32762066	0.76145977	-0.107062936	-0.7788099	-0.75103706	-0.78253955	0.5645412	-0.45459569	0.39346623	0.42915106
0.37515408	0.6573003	0.07013042	-0.5006456	0.7136413	-0.5864147	0.7936382	-0.6583173	-0.88562685	-0.7298941	-0.6784381	0.70585555	-0.71042573	0.6097178	0.51708114
0.82162905	0.9490432	0.2470458	0.18881	0.8898499	-1.5615574	0.77542675	-0.32750154	-2.0321615	-0.25617296	0.517044	2.0857294	0.52647483	-0.7260156	-0.21853012
0.6307987	1.1887932	0.7767069	-0.73792034	0.92922944	0.14624912	0.7233657	-0.56242	-0.013776934	-0.36805195	-0.69101423	0.47442427	-0.6703587	1.0252671	0.96253943
0.86475956	0.8515584	0.7897613	-0.38475594	0.8288297	-0.38415956	0.86073875	-0.8170209	-0.63259584	-0.4017959	-0.8142485	0.80377394	-0.48935655	1.4137181	0.48012286
0.49864072	0.6750329	0.6356001	-0.4469206	0.51029015	-0.4560939	0.50220907	-0.45476726	-0.48579934	-0.32416254	-0.49658683	0.4787172	-0.47560874	0.6784728	0.37182605
0.7983894	0.8883482	0.76216024	-0.8111263	0.4477386	-0.78254116	0.80407816	-0.40210485	-1.4391785	-0.45999599	-0.5604942	0.647826	-1.0697654	0.9852061	0.7469514
1.0241357	0.32725814	1.1965923	-0.72509134	0.30314055	-0.5578995	0.5279495	-0.30134666	-0.5430766	-0.2632421	-0.4448645	0.54467136	-0.54520285	0.034441423	0.72966653
0.44216612	0.48205945	0.74350667	-0.7987355	0.52340615	-0.5855013	0.51475513	-0.27808622	-0.6964031	-0.734488	-0.53936833	0.6961981	-0.51105154	0.013736832	0.68934923
0.4652887	0.6004036	0.4480836	-0.44965813	0.6281936	-0.36115575	0.56691414	-0.82597697	-0.52893394	-0.5186843	-0.5745921	0.30701256	-0.65344626	0.45732063	0.6540718
0.590143	0.74340016	0.64994246	-0.9435504	0.73549694	-0.51203156	0.742171	-0.7091272	-0.96584	-0.4333291	-0.014395433	0.66720784	-0.38938567	0.6226224	0.8994992
0.47541794	0.57780695	0.5077772	-0.46148488	0.79688805	-0.45793176	0.56953484	-0.6356326	-0.5332678	-0.62211716	-0.6987611	0.2872686	-0.4828503	0.5459877	0.53516924
0.49431455	0.61759436	0.51480556	-0.77990526	0.7421168	-0.39928767	0.68464994	-0.5209456	-0.6854834	-0.69022393	-0.5215254	0.41436082	-0.53752375	0.051940583	0.4758536
0.6494402	0.7656198	0.4381785	-0.65215594	0.85955095	-1.1026558	0.6852433	-0.7673246	-0.8543666	-0.5848265	-0.836172	0.49034724	-0.90295446	0.97676945	0.8919044
0.7302007	0.6010755	0.7108889	-0.53728354	0.5736789	-0.60747886	0.61778325	-0.42005932	-0.5790405	-0.6094962	-0.4698987	0.681778	-0.44812176	0.56101245	0.48767456
0.65358955	0.5438111	0.36476693	-0.49039218	0.61771375	-0.3424396	0.81977224	-0.64085	-0.5209092	-0.7329475	-0.81506026	0.59080493	-0.61581475	0.61860895	0.59299356
-0.13343784	-0.02707631	0.43512103	-1.0339493	-0.066572934	-2.6889286	0.43420666	-0.1494009	-1.1208466	-0.4565461	-0.97415453	0.5690072	-0.529427	0.5585827	0.75962377
0.78197145	0.5255312	1.034533	-1.0762864	0.28914234	-0.39374083	0.10414575	-0.58987904	-0.3368649	-0.50290036	-0.47535306	0.95458674	-0.38531595	-0.14436315	0.46307227
0.23551473	0.4926931	0.3521857	-0.69325984	0.17832004	-0.76741314	0.57446796	-0.51661706	-0.6433104	-0.6802934	-0.46338087	0.6155569	-0.5401812	0.4188355	0.46695164
0.6498727	0.66565007	0.76256	-0.7571447	0.6842829	-0.2607093	0.692965	-0.6197941	-0.71210176	-0.64789873	-0.64082426	0.6405042	-0.7341226	0.5571407	0.6144294
0.5816401	0.74046075	0.966709	-0.78848034	0.59745574	-0.520015	0.63364375	-0.70410466	-0.8144904	-0.69311947	-0.24803926	0.63104385	-0.49151403	0.50083625	0.92524344
0.6497875	0.51334107	0.61839676	-0.34651956	0.360327	-0.59428257	0.52721316	-0.4055644	-0.4845977	-0.24659285	-0.72133934	0.41284925	-0.43603426	0.40804726	0.7118189
0.47395554	0.54786193	0.511233	-0.40585196	0.65171874	-0.9154163	0.5210854	-0.7439818	-0.6825448	-0.440742	-0.45631522	0.12143083	-0.67606825	0.5501547	0.6140373
0.13053991	0.52632546	0.121377446	-0.5071376	0.63711005	0.0527602	0.7390987	-0.02330386	-0.9071437	-0.75794286	-0.58797944	0.8083241	-0.3719917	0.57125306	0.7477065
0.6519812	0.5053867	0.4753905	-0.50689065	0.36269575	-0.29220998	0.40011206	-0.4431647	-0.49375802	-0.56101286	-0.47520465	0.5084244	-0.48774076	0.44012684	0.40937394
0.5702226	0.43176407	0.6486817	-0.6625263	0.632327	-0.5647574	0.48539072	-0.5370965	-0.60185057	-0.42187804	-0.7259676	0.46667778	-0.514272	0.3720527	0.7472301
0.8404788	0.4600031	0.8254378	-0.20175302	0.80597407	-0.94516647	1.0221354	-0.47411636	-0.95870155	-0.87098676	-1.1529711	0.104207195	-1.0565075	0.8015107	0.96876836
0.060473587	0.6455745	1.0585135	-1.4140077	-0.039718166	-0.99181455	0.83397037	-0.17635381	-1.20665	-0.5330206	-0.73401654	0.73269224	-0.594289	0.49128747	0.7139441
0.200418	0.7280397	0.70155746	-0.4953481	0.69133765	-0.9529286	0.7936363	-0.8648378	-0.9795311	-0.41134685	-0.4620796	0.4040989	-0.5865742	0.8432796	0.6545162
0.5589512	0.5942833	0.8974513	-0.46521348	0.61446905	-0.72673154	0.5052175	-0.3430158	-0.9000343	-0.48266584	-0.8377062	0.470897	-0.6486333	0.6534005	0.7241285
0.6588412	0.50474083	0.6476725	-0.33373803	0.57527786	0.70164293	0.4195121	-0.72219497	0.27607405	-0.39240503	-0.32629675	0.5452044	-0.40831262	0.24800473	0.49333692
1.2958181	0.6094186	0.29973376	-1.9734079	0.72145116	-0.42734298	0.55212694	-0.22659758	-0.7621068	0.034249716	-0.5887154	0.3653983	-0.42577913	-0.35497043	0.33320957
0.8385042	0.24483076	0.6505455	-1.0078737	0.6730284	-0.5397224	0.6914523	-0.58779377	-0.6659688	-0.929771	-0.15136133	0.7709035	-0.5859577	0.7295414	0.39333072
0.6524856	0.46920407	0.5252422	-0.52358085	0.7998336	-0.32596022	0.61731774	-0.72439444	-0.6233121	-0.78558135	-0.67723626	0.5912195	-0.5949369	0.3899268	0.66883075
0.71154714	0.43849337	1.2399751	-0.45587075	0.4295743	-0.71549743	0.60769105	-0.41487876	-1.0813855	-0.62461853	0.01943501	0.6822528	-0.30729032	0.5784996	-0.03714531
0.49506462	0.2081472	0.91077995	-0.77822345	0.768226	-0.6390845	1.0669407	-0.5218967	-0.41286814	-0.350432	-0.7650046	0.76465034	-0.70202464	0.7781942	0.48265946
0.52847135	0.5628882	0.50410056	-0.5736193	0.7034011	-0.4212221	0.4114511	-0.35475242	-0.47129062	-0.5604813	-0.46524584	0.49496275	-0.49784297	0.3258135	0.46421856
0.5183022	0.6900448	0.5135953	-0.674735	0.48701447	-0.41574538	0.59011704	-0.36517745	-0.83787304	-0.48391506	-0.5774074	0.71181065	-0.63986295	0.4028439	0.5173756
0.5287666	0.64544654	0.5819353	-0.30686867	0.4909842	-0.5318058	0.65710145	-0.6809124	-0.30321068	-0.59156656	-0.55157566	0.7176984	-0.6370762	0.5866387	0.5179002
0.6459218	0.67731225	0.6810662	-0.5333808	0.49446505	-0.26199293	0.5736406	-0.6924887	-0.46777344	-0.6802088	-0.37334895	0.6047517	-0.41065478	0.665112	0.55785555
0.6676721	0.30731446	0.4949205	-0.44169214	0.26360175	-0.9114107	0.58358574	-1.0805231	-0.26086164	-0.6196484	-0.54984903	0.15175644	-0.4624476	0.50142413	0.6186006
0.5768014	0.50687295	0.42326748	-0.55777246	0.63671196	-0.42815876	0.480429	-0.65927684	-0.31025624	-0.4887072	-0.51235396	0.55422187	-0.25299498	0.09938019	0.62713957
0.5620057	0.5765179	0.8893973	-0.81860167	0.6017753	-0.7286498	0.46021947	-0.68466544	-0.5027701	-0.74622095	-0.70208377	0.26236907	-0.13277555	0.8778148	0.9889693
0.4391901	0.51848733	0.43342707	-0.38201302	0.7049909	-1.0014393	0.7628701	-0.64870155	-0.47812736	-0.6380139	-0.7401489	0.49350214	-0.77762824	0.805514	0.5897471
0.24317832	0.049679544	-0.8985754	0.28343496	0.055135306	1.6648103	0.34337938	-0.008174552	-1.0970049	-1.0635445	-0.3121596	1.3490335	-0.89219207	1.1181915	0.513579
1.0097501	0.597755	1.1133196	-0.7568762	0.88825965	-0.040979773	0.87168133	-0.6342283	-0.46400025	-0.6789069	-0.7115923	0.7852226	-0.83130777	1.107274	0.7243265
0.55928	0.62132293	0.9685176	-0.55933475	0.3422871	-0.3661988	0.40566456	-0.6461767	-0.5064578	-0.35955563	-0.51144415	0.5861003	-0.26782903	0.79983705	0.5464668
-0.35272655	0.89667	0.56455845	-0.6236824	0.70257795	-1.053863	0.536622	-1.342904	-1.0959952	-0.69477904	-0.6680765	-0.21388803	-0.8032855	0.944392	0.47526646
0.67819685	0.5529714	0.33080238	-0.3584373	0.26990768	-0.23086658	0.6337351	-0.28932008	-0.5907285	-0.47057554	-0.76214695	0.5093437	-0.41755193	0.53140557	0.6584621
0.73877656	0.48326242	0.51618916	-0.4341121	0.6055506	-0.33007908	0.8538488	-0.2245021	-0.49570417	-0.13220844	-0.41628516	0.3003871	-0.52899325	0.6611315	0.820601
0.8828996	0.8278565	1.1198231	-0.9265139	0.47073016	-0.83285636	0.43854493	-0.40062258	-0.6406557	-0.21462595	-0.3478441	0.24206403	-0.38712013	0.07362135	0.54232883
0.9530126	0.23110203	0.14140733	-1.118615	1.9504644	0.3901473	1.3930812	0.07086914	-0.8509906	-0.7647703	-2.0779707	-0.0024069655	-0.8588824	-0.9049722	0.8461647
0.26211163	0.6268534	0.867725	-0.7327088	0.71926874	-0.8840124	0.5174178	-0.92080665	-0.66698515	-0.7480852	-0.6301039	0.6282477	-0.63959527	0.6974899	0.5883015
0.68247396	0.7386318	0.835266	-0.8515809	0.62509453	-0.6830733	0.6497164	-0.7372317	-0.6834883	-0.62925124	-0.6278818	0.75228256	-0.45539284	0.644245	0.608418
0.51109177	0.46156657	0.49575588	-0.47479117	0.25271472	-0.049939297	0.51286143	-0.33535784	-0.35155767	-0.5158248	-0.42412445	0.5100511	-0.3903974	0.4297047	0.50039077
0.9153473	0.69942504	0.84844524	-0.95377946	0.5044108	-0.76375943	0.42150187	-0.5637087	-0.39064893	-0.5758451	-0.6406272	0.77062935	-0.5830055	0.35927653	0.91093576
0.8359343	0.4006393	0.7959402	-0.5910323	0.5656213	-0.21529378	0.61067617	-0.50367177	-0.26578394	-0.36164966	-0.47150603	0.93404335	-0.56381565	0.59115595	0.6471155
0.5375628	0.8612113	0.8433092	-0.5608862	0.81033903	-0.047940496	0.9715154	-0.8651155	-0.41671473	-0.8002292	-0.475796	0.7528077	-0.7519865	0.7356607	0.71575767
0.77320844	0.30104643	0.9203389	-0.354482	0.7487863	-0.85427356	0.99631816	-1.0091817	-0.20455803	-0.43896934	-0.69532394	1.05938	-0.60534066	0.97994727	0.54739946
0.37707183	0.712694	0.4787751	-0.5941844	0.8464331	-0.9412758	1.0083135	-0.89422554	-0.9574813	-0.68053395	-1.0690751	0.4017333	-0.70376265	0.8871864	0.7550517
0.8694468	0.3804428	1.218946	-1.0014873	0.3264795	-1.0998952	0.3801221	-0.6755604	-1.0822235	-0.48877987	-0.59304935	0.81239325	-0.72518975	0.5991195	0.56421757
0.4998593	0.36784008	0.8147501	-0.679191	0.4209594	-0.60420734	0.53024936	-0.46040758	-0.7702042	-0.26723742	-0.57104576	0.50363195	-0.3887057	0.10380211	0.63729787
0.76282096	0.3385685	0.8196562	-0.7643469	0.8447885	-1.0974994	0.7560452	-0.8799186	-0.62866384	-0.77978927	-0.71858686	0.61079353	-0.6270924	0.75602835	0.6279019
0.49841747	0.6024335	0.5986876	-0.49458712	0.3294582	-0.6416758	0.6431443	-0.4494116	-0.34556365	-0.6574165	-0.6529706	0.3892834	-0.52302086	0.35786456	0.7008686
0.70169663	0.5238787	0.72550774	-0.7337483	0.46229264	-0.36841616	0.42259926	-0.7314217	-0.6792759	-0.44455832	-0.44219857	0.7145384	-0.48471594	0.24330656	0.43505397
0.7780017	0.39090553	0.70527095	-0.5930592	0.45573857	-1.1342778	0.47424024	-0.48523602	-0.706241	-0.45745143	-0.74655664	0.62498516	-0.35240555	0.048599396	0.97109914
1.0703784	0.6634239	0.8253721	-1.0762805	0.6230808	-0.74090254	0.46595657	-0.8366093	-0.9446333	-0.75246364	-0.5673849	0.96018046	-0.8494464	0.44150022	0.45228925
0.9069601	0.61975724	0.97961026	-0.9325633	0.49334398	-0.6414348	0.5527354	-0.6393096	-0.46680966	-0.46067506	-0.55610675	0.9946983	-0.58070743	0.45220658	0.652821
1.2654921	0.95552313	0.8244111	-0.17956378	0.6261614	0.35504946	0.870079	-0.23250897	-1.9427605	-0.659891	0.14313324	1.5155332	-0.6201729	0.07853273	0.45018014
0.6354361	0.7160751	0.6365192	-0.31048876	0.6400446	-0.53102404	0.7797703	-1.0197692	-0.78252023	-0.85620683	-0.9092745	0.51074404	-0.78315413	0.6622104	0.6093522
0.8852891	0.46605894	0.8757646	-0.83321714	0.5502071	-0.75185996	0.549142	-0.8323593	-0.56778085	-0.74248624	-0.66268444	0.62088454	-0.15822895	0.02802161	0.74120516
0.47203118	0.5889544	0.30042028	-0.5286101	0.71328497	-0.02907961	0.61576045	-0.58114034	-0.1945054	-0.6917393	-0.5506821	0.48290727	-0.6727867	0.39778724	0.61530846
0.58865047	0.45205972	0.8229579	-1.0012996	0.1100486	-0.82246107	0.046728138	-0.3347354	-0.75485766	-0.7280293	-0.49197653	0.7701533	-0.2613533	-0.6685316	0.69223213
0.16704598	0.2649693	-1.3131422	-1.143055	0.9371204	-1.3573935	0.6652581	-0.055874553	-0.95791197	-2.0434067	-0.65905786	0.6442847	-1.6032709	0.38239524	0.390009
0.9084407	0.46498412	0.6907856	-1.0383495	0.37678802	-0.7201655	0.101156384	-0.53911686	-0.43743232	-0.80876726	-0.68499565	0.92491716	-0.76147956	0.18702748	0.6707932
0.5502911	0.5721714	0.27594385	-0.42076993	0.5551639	-1.68264	1.0718739	-0.78091854	-0.47393662	-0.33942977	-0.4135291	0.74532765	-0.80658305	1.0443819	1.077675
0.6481123	0.5733381	0.4594448	-0.57132536	0.50974184	-0.23242608	0.66308284	-0.28805614	-0.4864011	-0.56692135	-0.5079452	0.8778211	-0.6175305	0.7192728	0.7439577
0.69702053	0.7970703	0.7575527	-0.6720576	0.13598834	-0.98318195	0.6467642	-0.8068392	-0.9546957	-0.7519623	-0.52436703	0.75984335	-0.3116067	0.39331546	0.8303645
-0.14909232	0.6801376	-0.36807975	0.18684171	0.89808273	-1.708322	0.93440807	-0.39410585	-1.668697	-0.32658064	-0.6960878	0.3703819	-0.83606035	1.3850864	0.30988994
0.59291965	0.53416324	0.9007142	-1.1046897	0.8981158	-0.78349715	0.53276575	-0.59340006	-0.8777308	-0.5948721	-0.56726927	0.88736004	-0.45476985	0.20953944	0.76311404
0.60422146	0.6014809	0.5460389	-0.37625507	0.5373383	0.024823008	0.47218075	-0.5630843	-0.3045482	-0.5965151	-0.4167779	0.48284465	-0.5416146	0.5694998	0.5031777
0.8005691	0.6575335	0.66371256	-0.6101997	0.78878236	-0.30730763	0.5606738	-0.73327315	-0.8368542	-0.62083113	-0.4830757	0.696203	-0.71467197	0.45274362	0.63802576
0.49834543	0.97631073	0.036531556	-0.40889555	0.9093112	-0.51232755	1.2005212	-0.9567916	-0.66276777	-1.1519806	-0.6803137	0.5850646	-0.9052176	1.6197697	0.41264316
0.79672104	0.4430404	0.93407136	-0.78095603	0.5951233	-0.7187256	0.40689868	-0.49363917	-0.41326278	-0.55627084	-0.41450733	0.86949223	-0.2469138	-0.03804831	0.68556273
0.23500058	0.6011318	0.42455205	-0.7237194	0.5425719	-0.65770346	0.74869454	-0.52264243	-0.7292453	-0.6984433	-0.7441973	0.3754474	-0.75044954	0.7234503	0.44956332
0.5096198	0.42902124	0.52040595	-0.46196768	0.359829	-0.56486225	0.5004395	-0.5147686	-0.38915515	-0.5127294	-0.59940785	0.43164238	-0.5204691	0.31235653	0.55417174
0.7930288	0.7275104	0.4428529	-0.9544999	0.4771185	0.5762384	0.65150315	-0.7644442	-0.8395189	-0.9149957	-0.8927784	1.1061018	-0.5162861	0.8252131	0.5788404
0.7029267	0.72314733	0.9444013	-0.70528895	0.60561305	-0.42025083	0.43770164	-0.72084725	-0.35998362	-0.63877726	-0.46039543	0.7508026	-0.3391385	0.38092968	0.70038843
0.7538428	0.81749946	0.6805434	-0.45947763	0.5697113	-0.4196097	0.42468902	-0.6482231	-0.22964504	-0.65442115	-0.75007176	0.4752932	-0.7105598	0.82322997	0.56422186
1.0578898	0.47778928	0.8693307	-0.7887226	1.2010883	-0.73062533	0.89563805	0.007990436	-0.5101075	-0.95628613	-0.5445942	1.0125397	-0.39049703	0.50261134	0.5378682
0.747507	0.7033621	-0.3204868	-0.09254257	0.84573084	-0.8861656	0.55622095	-1.3289204	-1.0713503	-0.7665991	-0.5989379	0.40110177	-1.0451772	0.9508394	0.58315206
0.89576375	0.42433158	0.91667396	-0.5159621	0.5293446	-0.5770603	1.0391977	-0.16519986	-0.7225356	-0.68469733	-0.2669083	1.0582471	-0.9279669	0.835288	0.5174328
0.96368766	0.69059426	1.185398	-0.845356	0.2732428	-0.70947987	0.3805779	-0.6058638	-0.85972196	-0.87703294	-1.0856255	1.0965208	-0.7384137	0.39997736	0.74237245
0.6492729	0.9771456	0.78129524	-0.48602405	0.9202071	-0.8005133	0.20662454	-0.76916575	-0.884016	-1.1209337	-0.5471472	0.1397081	-0.79870874	0.8633618	0.46064684
0.78429663	0.5839219	0.6763046	-0.6475522	0.6930343	-0.0665732	0.4073038	-0.76010865	-0.34554237	-0.5471397	-0.6414083	0.65775114	-0.798085	0.7300536	0.845033
0.8201754	0.38669038	0.5703479	-0.4911765	0.8905354	-0.81120026	0.7749804	-0.9485381	-0.5171736	-0.77293116	-0.92073613	0.8133928	-0.747733	0.84815913	0.6622673
0.79377866	0.56246233	0.5780774	-0.44921157	0.5601671	-0.08726687	0.5601625	-0.39354956	-0.42999595	-0.56778824	-0.665052	0.5745488	-0.5021834	0.69475085	0.60377175
0.6259747	0.44837764	0.50065815	-0.64779085	0.77963537	-0.7082472	0.6293297	-0.5548401	-0.7222079	-0.65046936	-0.6839722	0.56138545	-0.60397196	0.35922632	0.5973675
0.562737	0.61294764	0.43899575	-0.27699125	0.5868138	-0.41419572	0.9030454	-0.41388592	-0.51191366	-0.4437834	-0.4045334	0.24855599	-0.38746938	0.8923497	0.5606681
0.54353887	0.8803735	0.6349209	-0.63697505	0.5161639	-0.14290495	0.37881067	-0.56622773	-0.4583747	-0.5822304	-0.713176	0.38279805	-0.49190578	0.59183484	0.45922866
0.8017161	0.44863138	0.6126072	-0.4315519	0.71079046	-0.22772825	0.8096945	-0.80788785	-0.39549583	-0.6205364	-0.6970702	0.610802	-0.7705826	0.87166095	0.6847025
0.8037471	1.0609413	0.5238618	-0.9686325	0.71129	-0.4212458	0.65119666	-0.35318565	-0.7683308	-0.6490653	-0.730987	0.6817639	-0.38263193	0.6188963	0.4892325
0.77691275	0.56449556	0.87750965	-0.79219127	0.46376747	-0.08990929	0.5576643	-0.7634651	-0.35877508	-0.6754637	-0.7309497	0.77397174	-0.9132899	0.60792214	0.8239697
0.76198304	0.29550293	0.4639182	-0.58291775	0.4014351	-1.2002612	0.6018986	-0.66859865	-1.1045917	-0.5059828	-0.4028649	0.5339642	-0.28493127	0.8188675	0.09112071
0.5609042	0.7981263	0.683528	-0.75610393	0.45953158	-0.4308201	0.64805996	-0.33987468	-0.40647125	-0.4669093	-0.5675085	0.70306027	-0.55801934	0.47216997	0.65872407
0.24406151	0.30393603	0.50884753	-0.43307477	0.32296818	-0.38949528	0.2853611	-0.3330033	-0.4565751	-0.3837067	-0.39599258	0.35548785	-0.21941766	0.26097146	0.2761652
0.6002599	0.6368929	0.6674433	-0.997583	0.48215002	-0.26161575	0.7429295	-0.60862446	-1.0099611	-0.80336225	-0.56985784	0.85751367	-0.7169233	0.7921433	0.39711264
0.39900157	0.75606734	0.727283	-0.3804077	0.8399173	-0.8884012	0.16018681	-1.3495579	-1.1331904	-0.8083081	-0.58242035	0.6201791	-0.70131797	0.67470217	0.7224361
1.1527195	0.5110699	0.7136228	-0.81150335	-0.70107394	-0.24378815	-0.04056531	-1.116381	0.8102185	-0.8338831	0.22265103	1.0572733	-0.90559447	0.27118105	0.24099477
0.37508118	0.63031626	0.366633	-0.2907883	0.67845243	-0.7601724	0.73457843	-0.643522	-0.45233992	-0.6446868	-0.72917235	0.3352576	-0.6847202	0.33133945	0.6112063
-0.0029895979	0.67941654	0.20476052	-0.08281081	0.6317206	-1.0118278	1.2037159	-1.4314615	-0.13168943	-1.4165279	-0.89070433	0.88330126	-0.7312684	0.7390074	1.2402865
0.69323474	1.0812964	1.075033	-0.9952283	0.7396972	-0.45830387	0.6097404	-1.166022	-0.74678236	-0.6960314	-0.9175535	1.0255641	-0.44558555	0.40910754	0.5571596
0.25950307	0.7871456	0.43117458	-0.6106771	0.5960181	-1.1114124	0.89523375	-1.1203132	-1.0904986	-0.67373824	-0.439093	0.6275407	-0.7506369	0.81572247	0.61834043
0.6737095	0.28807157	0.58270144	-0.17968866	0.6138471	-0.45422086	1.0357063	-0.5151418	-0.42207965	-0.30355743	-0.24362333	0.69247454	-0.5701798	0.73317534	1.0513892
0.49510804	0.7092835	0.7142614	-0.7547956	0.4219831	0.35468832	0.67476755	-0.56453925	-0.49820074	-0.6892973	-0.4110904	0.97337615	-0.68935	0.7289381	0.40830746
1.0889959	0.680273	0.81382513	-0.7523679	0.5853724	-0.5748342	0.6894948	-0.48020047	-1.3906152	-0.69328964	-0.5954207	0.8111427	-0.86559206	0.5077348	0.54980904
0.6998788	0.41846806	1.077121	-0.48595914	0.37075424	-0.659008	0.82718146	-0.7842583	-0.3764476	-0.6347923	-0.7585419	0.49411556	-0.49538183	0.27116528	1.0501082
0.6995966	0.35257906	0.57859707	-0.1525145	-0.11201836	-1.097763	0.9089801	-1.34872	-0.73753077	-0.087452866	-0.94226897	1.0124564	-0.9587919	1.2295712	0.5819004
0.76274854	0.6743804	0.6188454	-0.6291728	0.5835439	-0.48207727	0.72567755	-0.46965587	-0.6673928	-0.83040553	-0.43449637	0.6875688	-0.69020647	0.8538841	0.72640973
0.5388059	0.46892416	0.6720214	-0.66943496	0.5503139	-0.4579193	0.549371	-0.5317532	-0.32886255	-0.39800024	-0.6306841	0.46229786	-0.48659346	0.34898183	0.71474284
0.6372396	0.7077239	0.72350615	-0.6093115	0.6350012	-0.71767527	0.21024418	-0.8126681	-0.5037226	-0.7554199	-0.69255626	0.7028888	-0.46530834	0.024478167	0.74281675
0.47327703	0.7964484	1.0956713	-0.9464622	0.48165736	0.41048637	1.097175	-0.0024718707	0.0895598	0.12655167	-0.13142312	0.31895283	-0.056321874	1.0803622	0.4697117
0.51876056	0.72758216	0.54171383	-0.47109917	0.6118469	-0.5067225	0.35480642	-0.7322443	-0.120051995	-0.59782606	-0.7445862	0.38155606	-0.40440413	0.47441715	0.6226732
0.1519429	1.3853743	0.82729536	-0.34127226	0.570387	0.22251484	0.5086281	0.16520093	-0.38661212	-0.39537507	-0.99217206	0.5504757	0.23289955	1.1690179	0.86267966
0.70300454	0.4229681	0.4022238	-0.52561855	0.40838367	0.31293312	0.7263432	-0.69305503	-0.5589764	-0.7619952	-0.82216626	0.36007667	-0.63921934	0.6560265	0.5355276
0.53624684	0.91047364	1.2128705	-0.86512405	0.00057694374	-0.58037627	0.7615836	-0.6538049	-1.0493356	-1.246672	-0.637443	0.70011634	-0.1772217	0.21346545	0.56398326
0.8280183	0.6984224	0.6790743	-0.8147611	0.70165586	-0.41400203	0.44685096	-0.78915966	-0.43516186	-0.9832348	-0.5529203	0.7792202	-0.5798602	-0.004288733	0.5509137
0.6194058	1.0396087	0.6362476	-0.51504874	0.71664244	-0.6786967	0.7008097	-0.91426826	-0.83808696	-0.8054017	-0.88705117	0.5109099	-0.7605719	0.67137337	0.6341975
0.5389168	0.67868555	0.478051	-0.6167572	0.26557508	-0.46557245	0.47582957	-0.7495811	-0.4316102	-0.34257266	-0.47764218	0.30001825	-0.6181288	0.44458506	0.68564415
0.40385467	0.19095515	0.5920527	-0.8941952	0.7872145	-0.4473878	0.6920422	-0.11189801	-0.84002537	-0.38736907	-0.45289654	0.6740735	-0.43261284	0.8161135	0.6331361
0.75427246	1.0801845	0.9436719	-0.78753275	0.8993817	-0.08858876	1.0312889	-0.9470126	-0.4388763	-0.8275719	-0.5231398	0.7085675	-0.4737598	0.52428627	0.8149231
0.94257176	0.5196379	1.0203779	-0.85939854	0.08133167	-1.4299749	0.9655338	-0.5017825	-0.6300756	-0.4473967	-0.66935503	0.56577736	0.11303789	1.1570721	0.8146925
0.64396757	0.5035932	0.54464245	-0.72670484	0.4156777	-0.8258626	0.6711342	-0.636654	-0.783523	-0.62721133	-0.63508093	0.682146	-0.6684882	0.45780045	0.62228465
0.7435453	0.45727548	0.4630683	-0.4337224	0.5015138	-0.7528728	0.6354669	-0.5555703	-0.41996202	-0.44753054	-0.69385713	0.5033787	-0.71676165	0.80763257	0.59495866
0.8927557	0.4996181	0.6889859	-0.805174	0.5130476	-1.10943	1.0338072	-0.6476935	-0.5226803	-0.6447936	-0.61120754	0.6205483	-0.21916224	0.35786152	0.5354301
1.0311878	0.73769796	0.3517517	-0.6831557	0.740328	-0.23450209	0.86853933	-0.61726403	-0.7968326	-0.7453952	-0.70496804	0.69722545	-0.8399701	1.4103981	0.80201864
0.38410974	0.45270908	0.42695123	-0.43412513	0.21856037	-0.34463173	0.31848857	-0.5091336	-0.3656263	-0.57137054	-0.2546926	0.46364093	-0.21378902	0.21257834	0.4543115
0.98603946	0.6402317	1.1803486	-0.80090594	0.8816932	-1.0572721	0.85399675	-0.18244366	-0.34170014	-0.72912765	-0.48835316	0.7440836	-0.63214344	0.95516545	0.28783053
0.87307787	0.5586312	0.63121647	-0.4342295	0.9103034	-0.31501982	0.8799958	-0.4606494	-0.6519938	-0.66663206	-0.4425657	0.69887835	-0.48531103	0.88516986	0.9232692
0.5586608	0.46894628	0.6745554	-0.7184882	0.4674756	-0.6691966	0.6994257	-0.3090854	-0.85757965	-0.5000231	-0.53623086	0.62089616	-0.6179371	0.6095166	0.51580226
0.85123724	0.9782303	0.42466158	-0.6471949	0.8198066	-1.3337137	0.19538826	0.091571234	-0.27832308	-0.1603361	-0.28297412	0.8223536	-0.8576823	1.2676625	0.35642734
0.9052752	0.51085186	0.77683264	-0.8132107	0.69934225	-0.44884956	0.4273027	-0.65016717	-0.76360655	-0.6140527	-0.7274862	0.80623585	-0.91769165	0.6455886	0.8614806
0.7412547	0.8457967	0.53004014	-0.4601546	0.87671727	-0.46326938	0.5955301	-0.5674722	-0.7017539	-0.7111471	-0.70220935	0.52776337	-0.692048	0.5872578	0.65153354
0.77371407	0.5574203	0.5728451	-0.7151835	0.6075111	-0.53689784	0.6974907	-0.65639335	-0.542202	-0.74814594	-0.56580675	0.65642095	-0.48122558	0.7489431	0.5609505
0.7282682	0.4988897	0.40328938	-0.53060156	0.69553095	-0.59508556	0.7569066	-0.7269767	-0.83577836	-0.70904255	-0.7360326	0.8370849	-0.7803353	0.6461718	0.5924645
0.6289726	0.53471	0.62708145	-0.44595477	0.7017765	-0.11042947	0.93223697	-0.6443669	-0.58399487	-0.7709613	-0.8076795	0.75829965	-0.8990393	0.87742203	0.81445587
0.17503548	0.058996983	0.24552858	-0.57755876	0.28702867	-0.24572845	0.5365218	-0.36225593	0.63311553	-0.43588662	-0.5282937	0.5144987	-0.3350776	0.42649236	0.62420285
0.880401	0.6471959	1.214788	-0.79131883	0.33445144	-0.17617927	0.7057962	-0.75181735	-0.61662185	-0.7709636	-0.38359523	0.37711084	-0.39651313	0.30768856	1.0465466
0.6427971	0.08869855	0.61417866	-0.72588646	0.31397235	-0.46636268	0.57215023	-0.36544573	-0.25801453	-0.537537	-0.61260706	0.37883773	-0.33498016	0.30241203	0.42091525
0.70348036	0.64962775	0.4726658	-0.52471244	0.5940749	-0.3410877	0.75636506	-0.5968325	-0.67929053	-0.84576684	-0.86981887	0.6857206	-0.8183698	0.8546136	0.6059227
0.38358495	0.9264551	0.48608074	-0.46223602	0.20821269	0.21724148	0.48274475	-0.49821696	-0.7527852	-0.59363484	-0.55151117	0.7349397	-0.46196026	0.53337795	0.5337892
0.82206756	0.7091931	0.44624218	-0.86819947	0.9726777	-0.6659978	0.6669571	-0.43213323	-0.4567228	-0.45717362	-1.0032992	0.7745406	-0.7129834	-0.1871476	0.56908244
0.7407545	0.6518147	0.5637866	-0.4902544	0.7604107	-0.014297682	0.65406793	-0.7290282	-0.74175155	-0.7350381	-0.94879866	0.7928043	-0.6127976	0.90743	0.5808583
0.5596928	0.45941904	0.5662417	-0.559462	0.5554275	-0.7715933	0.43701547	-0.32365713	-0.5358871	-0.5899986	-0.560202	0.5317552	-0.25094953	0.542188	0.42940676
0.73075783	0.57347214	0.83852774	-0.91945815	0.510368	-0.7210957	0.5650804	-0.91115487	-0.7765544	-0.6073048	-0.62940174	0.8495331	-0.7693908	0.710582	0.50057036
0.636795	0.7366311	0.7525912	-0.7144628	0.7569253	-0.6370306	0.6118129	-0.6352307	-0.8656598	-0.5649694	-0.21347678	0.6406729	-0.48838434	0.2514255	0.6083373
0.9771679	0.7772275	1.0045156	-0.715893	0.5946764	-0.4061766	0.38562414	-1.113938	-0.19245745	-0.5947622	-0.6037447	0.6793172	-0.10554899	0.1504479	0.66490287
0.27096942	1.1606045	-0.11248453	-0.63114053	0.8680326	-0.6256885	0.69527894	-1.1393105	-0.4890773	-1.0537136	-1.4882859	0.3441078	-0.7988008	0.7231291	0.77249587
0.94843334	0.6414013	1.1144967	-0.9648972	0.6978858	-0.82591665	0.30839872	-0.7541528	-0.42104578	-0.6349837	-0.7050356	1.049867	-0.72943336	0.2851154	0.7041059
0.2405638	0.75154763	-0.4081065	-0.22417952	1.3100064	-1.0380163	0.9841217	-0.88454115	-0.92453825	-0.52403796	-0.9213549	0.11326713	-0.6266403	0.8655696	0.5297819
0.67629725	0.73033804	0.70485187	-0.5691946	0.6654588	-0.7090519	0.590164	-0.48105952	-0.6407008	-0.744888	-0.6017935	0.40212396	-0.5165647	0.34515166	0.60407645
0.76091164	0.7578911	0.59546024	-0.5272936	0.6693129	-0.41019258	0.72432023	-0.7813406	-0.4427086	-0.8242754	-0.604668	0.7331819	-0.51057607	0.0141095705	0.47282875
0.30856785	0.50144714	0.5799044	-0.59106004	0.4834362	-0.7954969	0.25664127	-0.44382328	-0.4963898	-0.22032082	-0.5270527	0.18552797	-0.6234975	0.5677661	0.61220473
0.5817214	0.7339279	0.51516306	-0.50694716	0.44293064	-0.32828042	0.58372605	-0.41341406	-0.5632783	-0.5886108	-0.32496563	0.49162117	-0.4089457	0.37204787	0.7513662
0.77349705	0.6291818	0.62672615	-0.70261073	0.5864609	-0.7533441	0.7236357	-0.8110395	-0.7166907	-0.74345887	-0.75214475	0.8650151	-0.7615334	0.99660736	0.6177013
0.82755387	0.71419287	-0.12520738	0.4594564	-0.19380207	-1.8342981	1.2829337	-0.6017504	-0.45148507	0.9636243	-0.6624359	1.0999902	0.120816045	0.58532	1.3509212
0.60187334	0.87389624	0.26548094	-0.7465144	0.58646595	-1.8914934	-0.38178337	-1.128119	-1.1209153	-0.87977374	-0.1655336	1.1361932	-0.33893946	1.0077915	1.4023985
0.78218514	0.57687944	0.89137524	-0.97402686	0.5921573	-0.82152164	0.703664	-0.7416894	-0.46704632	-0.66085577	-0.73943347	0.6105536	-0.55327374	0.69348645	0.9437665
0.5464912	0.4066118	0.68245625	-0.5449556	0.554372	-0.65098447	0.38363758	-0.83303493	-0.5970676	-0.2783256	-0.5660451	0.47322273	-0.18918687	0.62288433	0.7376982
0.5335019	0.55464524	0.5799569	-0.6086186	0.75400233	-0.39759636	0.52277327	-0.64285636	-0.49892005	-0.82606524	-0.54525316	0.51118374	-0.54322964	0.4763746	0.7815102
0.74801344	0.74463344	0.74803793	-0.46899515	0.31892452	-0.9109123	0.27716875	-0.868683	-0.044021916	-0.40702114	-0.83077776	0.41311556	-0.8826464	0.9409904	0.6488085
0.42388114	0.68047404	0.6285649	-0.9233738	0.6675001	-0.7458422	0.6830601	-0.88627195	-0.8106341	-0.60812503	-0.52987343	0.7906358	-0.4909694	0.7466961	0.6257952
0.48597574	0.35709885	0.5435978	-0.34764048	0.5495309	-0.2504247	0.39001346	-0.5781401	-0.52843696	-0.42599577	-0.42744288	0.527883	-0.5126713	0.8373151	0.48444965
0.73165625	0.8080415	0.760306	-0.95991564	0.4032551	-0.42308408	0.7439331	-0.6231651	-0.6856133	-1.0145156	-0.8561488	0.7416681	-0.6236636	0.59740907	0.8933377
0.71770823	0.6065206	0.832219	-0.5097756	0.4037175	-0.14327832	0.37839565	-0.47551203	-0.46545374	-0.3992145	-0.6787018	0.59003615	-0.44091326	0.6822008	0.8830282
0.74437374	0.40002906	0.7685818	-0.73645484	0.6872761	-0.63166267	0.38771185	-0.8980164	-0.5811617	-0.33910346	-0.7084281	0.6357091	-0.6181452	0.44926658	1.0368006
0.46743074	0.7100495	0.6292587	-0.5192719	0.8803816	-0.8523041	0.7934915	-0.48718876	-0.79278934	-0.7077882	-0.7046234	0.40491572	-0.6355286	0.53997606	0.5703953
0.68380433	0.50374913	0.43632385	-0.54992837	0.72765565	-0.8973765	0.8685034	-0.78949714	-0.486066	-0.9803959	-0.9359656	0.746419	-0.44822282	0.57034135	0.7934717
0.59344447	0.65381175	-0.6552732	-0.28612038	1.1737486	-0.1312602	0.80222416	-0.7236676	-1.112434	-0.20434329	-1.0656644	0.7055203	-1.0586225	1.1506485	0.26782814
0.98142713	0.7788873	0.56774795	-0.16283266	0.20993009	-0.1675748	0.1597491	-1.3746425	-0.9261499	-1.0369531	-1.4835088	-0.1906813	-0.25119057	1.2344314	0.09337848
0.32283688	0.70254946	0.356951	-0.41173118	0.7269448	-0.48169437	0.5884959	-0.605354	-0.45279148	-0.5160726	-0.48227933	0.48025638	-0.5360467	0.668601	0.61718374
0.41844904	0.69599366	0.7498579	-0.5054399	0.8935387	-1.1045481	0.6658772	-0.9074688	-1.1886743	-0.6355453	-0.5782818	0.7832338	-0.72061884	0.41767076	0.4259841
0.80218995	0.58340365	0.93984383	-0.93922794	0.6824448	0.09264911	0.66308844	-0.4677723	-0.56890637	-0.58023393	-0.52567244	0.86192995	-0.6022495	0.36799303	0.5512304
1.1905173	1.1825653	1.3968573	-1.4551455	0.5566483	0.15656228	0.29711312	0.06863441	0.11015495	-0.67591906	0.08281605	0.7841867	-0.42431763	0.041493785	0.02637314
0.3293908	0.55968785	0.16111445	-0.28358513	0.3882605	0.013333667	0.5624646	-0.32973763	-0.17454378	-0.4244912	-0.29839998	0.47891486	-0.35982713	0.55454725	0.5378127
-0.8522386	0.13876784	1.1767668	-0.27772725	1.1919883	0.58658713	-0.12451785	-0.4176437	-0.61469334	-0.68323034	-0.59321374	0.9565748	-1.5823926	0.9125373	1.3947729
0.57114625	0.48488072	0.48710686	-0.27614176	0.85718834	-0.21423008	1.0478314	-0.5919251	-0.62755954	-0.7566231	-0.92377347	0.57107383	-0.850633	0.89382535	0.71674937
0.6080509	0.35438046	0.5650719	-0.45626506	0.61763227	-0.911008	0.91172194	-0.5032554	-0.8628232	-0.84314644	-0.5602823	0.8227564	-1.0044425	0.7707414	0.703938
0.5779527	0.61301273	0.08015343	-0.4716943	1.1057384	-0.30561432	0.5277785	-1.0421801	-0.20796558	-0.4487755	-0.80670434	0.53953713	-0.71032465	1.0009234	0.48644567
1.0778923	0.856545	0.33507374	0.26644358	0.7325065	-0.26169142	-0.09357568	-1.3641045	-0.7973828	0.76619685	-1.079232	-0.9037332	-1.9407908	0.7126049	1.87384
0.67015725	0.5396024	0.66079	-0.6117228	0.4616999	-0.32546946	0.707645	-0.588861	-0.5608666	-0.49360698	-0.43603626	0.5658226	-0.45722833	0.5766298	0.6164013
0.58499366	0.6596954	0.32221368	-0.5134474	0.66274107	-0.2956526	0.5712201	-0.8103044	-0.5861763	-0.67067516	-0.71519315	0.8220583	-0.6478638	0.74394554	0.653064
0.7142595	0.24185121	0.49750066	-0.3254268	0.9528212	-0.16304335	0.90210336	-0.5931191	-0.6033879	-0.7132162	-0.75714046	0.84887743	-0.856741	0.8643595	0.42575717
0.6464209	0.6113867	0.59858173	-0.60879767	0.96320957	-0.42208314	0.5937442	-0.6374861	-0.47599095	-0.67185676	-0.76092154	0.58066666	-0.63242716	0.27448156	0.63357663
0.73296857	0.8435542	0.9776753	-0.59933984	0.5234872	-0.8744578	0.44176355	-1.073968	-0.21166295	-0.29986346	-0.7121578	0.65190685	-0.48987085	0.34041044	0.74580324
0.753579	1.1674521	1.1359764	-0.9080212	0.45594785	-0.60323364	0.2580734	-0.42606664	-0.81917316	-0.8859813	-0.23819014	0.9429748	-0.9187746	0.09434217	0.93513733
-0.24507949	0.9863058	1.2495375	-0.15821601	0.05458906	-1.6046729	1.2778957	0.4093371	-1.4342647	-1.2320963	-0.6411653	0.8830772	-0.71809924	1.0749742	0.36326027
0.63213235	0.6916332	0.57770514	-0.71505183	0.3103373	-1.2491167	0.18619739	-0.29205358	-0.5283505	-0.07535755	-0.97481275	0.40318263	-0.13431038	0.55611426	0.19604926
-0.8182459	0.5359525	0.91473514	-0.31137276	1.4173242	0.07566457	1.8882595	0.072367996	0.26346585	0.318144	-1.1672825	0.5118408	-0.645335	2.1127484	1.0362936
0.42112368	0.08063564	0.6183632	-1.3222125	0.38211837	1.490447	0.5475598	0.24084993	-0.42252734	-0.2613194	-0.040593784	0.7433305	-0.5257296	0.6599663	0.028761338
0.43003288	0.76351064	0.59069365	-0.5088893	0.4221271	-0.82438314	0.6915268	-0.7249315	-0.7761716	-0.69592613	-0.49559832	0.6953077	-0.71214455	0.25261307	0.5961283
0.49440885	0.8069065	0.6091474	-0.46245176	1.1464982	-0.72589266	0.549435	-1.0205214	-0.67600477	-0.6664097	-0.6701243	0.6864606	-0.46669164	0.62813324	0.816872
0.33422548	0.21820854	0.15183946	-0.25281462	0.50486225	0.0062154536	0.43696204	-0.61383736	-0.22970922	-0.55242205	-0.4403487	0.3282976	-0.3798422	0.50829643	0.50842464
0.2951539	0.65833616	0.5193816	-0.4872597	0.88012147	-1.0041606	0.60664374	-0.6215023	-0.43533438	-0.89336044	-1.2098296	0.44555822	-1.2125555	0.8169779	0.49128017
0.13092211	0.84038895	1.1584091	-0.18030539	1.0174696	-1.0184375	0.34587425	-0.6868107	-0.15398201	0.15154947	-0.27026993	-0.39917606	-0.59437186	1.7450747	1.4136537
0.16455436	0.8710165	0.7328488	-0.92807883	0.51008356	-0.4469397	0.479127	-0.5855031	-0.68595195	-0.9449367	-0.51046646	0.47593275	-0.7104002	0.008115484	0.38841853
0.51246536	0.4579345	0.557822	-0.5382317	0.39066625	-0.41000798	0.5107946	-0.4825222	-0.6319515	-0.575033	-0.5943162	0.5711254	-0.671033	0.64619356	0.41964337
0.66466117	0.39666024	0.21821655	-0.40645105	0.71545196	-0.15905634	0.6438674	-0.61028796	-0.42611074	-0.4077673	-0.63864064	0.41100594	-0.3023622	0.67224747	0.82302356
1.0094599	0.94493955	0.38228014	-0.5447302	0.8066608	-0.3710279	0.72276986	-0.44504657	-0.6235018	-0.355558	-0.80634874	0.37244853	-0.98576283	0.60098326	0.79868275
1.0893927	0.56525874	0.2498889	0.829319	0.65038943	-1.2746556	0.17222655	-0.6481589	-0.8850103	-0.58060133	1.4839903	-0.2759112	-0.61744475	1.0919193	0.24482445
0.7887495	0.6954424	0.5628907	-0.5862115	0.79196405	-0.43380037	0.3867111	-0.7682879	-0.3768247	-0.6902802	-0.6623194	0.6173096	-0.6615475	0.7561432	0.7087282
0.45172253	0.56987953	0.6068397	-0.5043784	0.7111465	-0.28072613	0.36036664	-0.4363609	-0.75638425	-0.6700345	-0.5605245	0.5366917	-0.5523909	0.53533	0.41901082
0.8007819	0.25039	0.89221	-0.7521008	0.39886862	-0.5759446	0.4788304	-0.40576792	-0.42169285	-0.6517876	-0.6832907	0.53522295	-0.08249211	0.23089248	0.86956346
0.6333082	0.7590023	0.5283909	-0.5312597	0.60728073	-0.6362328	0.6667	-0.6291693	-0.3616933	-0.82420355	-0.4855256	0.8657646	-0.23015474	0.31340203	0.5701959
0.4618415	0.7224324	0.4872834	-0.60759026	0.7226342	-0.6329198	0.46591866	-0.6124719	-1.0099097	-0.6962448	-0.6553406	0.32073727	-0.38241732	0.17093061	0.32646027
0.57498115	0.530814	0.5945567	-0.5535933	0.5001336	-0.3910284	0.28642738	-0.6238752	-0.7193895	-0.3194292	-0.63162786	0.27372155	-0.44948906	0.46775103	0.5166434
-0.0005049891	0.79615533	-0.24736366	-0.7923993	1.0632963	-1.348397	0.321404	-0.63759905	-0.55615413	-1.2771833	-0.8584542	0.33653012	-0.9332969	1.1180052	0.41540563
0.7201777	0.52741796	0.76366335	-0.5017015	0.21168698	-0.34283844	0.66609097	-0.9757764	-0.3668948	-0.92545307	-0.4591942	0.86472386	-0.8961676	1.0154977	0.7575628
1.1408229	0.5883782	1.0230985	-1.0696832	0.4999726	-0.19935551	0.2729273	-0.4305341	-0.40562013	-0.012697268	-0.60675585	0.78159267	-0.62962407	0.70975566	0.92459524
0.7990382	0.81677926	0.3126249	-0.47973543	0.9232746	-0.40435418	0.5560759	-0.9170234	-0.38175797	-0.9001896	-0.7727404	0.066595145	-0.8881911	-0.012018306	0.28948697
0.2626942	0.36237466	0.82585543	-0.4086691	0.1816735	-0.7024113	0.26680169	-0.25204206	-0.29083318	-0.481276	-0.20045209	0.45487425	-0.48063758	0.32059225	0.3954438
0.39810184	0.7488525	0.5935916	-0.49699268	0.84257084	-0.36379746	1.2673235	-0.65306145	-0.9577122	-0.58444494	-0.76819617	0.7053911	-0.947333	0.9458853	0.18148997
0.6460246	0.66051304	0.20914559	-0.19160715	0.89944017	-0.9833739	0.6642657	-0.8350013	-0.9288218	-0.800664	-0.7526789	0.561399	-1.0642766	1.2697989	0.7002125
0.50099957	0.62602997	0.7311568	-0.37916815	0.785796	-0.8833647	0.53601515	-0.44457746	-0.5801581	-1.051805	-0.7934444	0.65333635	-0.72587436	0.6597673	0.33165017
0.59055835	0.52745426	0.6861508	-0.4852433	0.3317865	-0.34841144	0.43394065	-0.50590265	-0.5260777	-0.43584013	-0.54014075	0.3944213	-0.29815945	0.3571681	0.5891567
0.48353526	0.49202335	0.6237574	-0.80341417	0.5887981	-0.25045857	0.48731256	-0.43683654	-0.5747174	-0.61956394	-0.5032779	0.80868685	-0.45709172	0.36269715	0.47678405
0.7908615	0.8202279	0.6869213	-0.59711456	0.8486504	-0.36054924	0.70783275	-0.6502158	-0.18759279	-0.53409517	-0.7489643	0.5583088	-0.67453593	0.5558014	0.9462596
0.81501305	0.6953069	0.79540294	-0.54023993	0.7730143	-0.4385434	0.83932954	-0.6371848	-0.46566078	-0.60798347	-0.5641325	0.6822695	-0.65645975	0.87767226	0.5362211
0.95221174	0.6513688	1.3706036	-0.8798533	0.45085236	-0.96835345	0.12757981	-0.61660373	-0.90396595	-0.7660031	-0.44807997	0.442395	-0.32625204	0.4787624	0.6589133
0.50142974	0.6388315	0.47979295	-0.23230425	0.6966005	0.069403805	0.53500295	-0.95442796	-0.41544303	-0.63183874	-0.90233463	0.33801457	-0.7639295	0.27906868	0.7436867
0.19157186	1.1510997	0.34212235	-0.88425994	0.3903273	-2.018558	0.5882335	-0.8202308	-1.2553744	-0.50891984	-0.44227174	0.5797958	-0.12480019	0.9790093	0.569802
0.72430897	0.6491251	0.6409781	-0.6235094	0.6198764	-0.6384283	0.5571859	-0.8719672	-0.21210028	-0.3166045	-0.6892658	0.71416354	-0.59181464	0.3229842	0.86082697
0.59885293	0.6556499	0.73858976	-0.3735747	0.3643712	-0.72382545	0.5040666	-0.8887861	-0.9156754	-0.3326267	-0.4231433	0.5464839	-0.63460964	0.71441454	0.45259285
0.6608621	0.36185622	1.041177	-0.500449	0.42627642	-0.017483108	0.7565304	-0.44421777	-0.33093384	-0.3596086	-0.6040675	0.8610182	-0.298312	0.1744752	0.729803
0.79598147	0.5230516	0.94527537	-0.78604305	0.58068514	-0.04989528	0.64180684	-0.63556856	-0.40647042	-0.8528295	-0.53438467	0.6780552	-0.66345704	0.7401233	0.76764554
0.7175619	0.91683674	1.3382069	-0.9461719	0.710044	-0.40967712	0.4008031	-0.6668917	-0.30498394	-0.75060123	-0.37597388	0.77085716	-0.3915137	0.16895361	0.4856247
0.69181406	0.70984006	0.7182712	-0.5730799	0.6352374	-0.52220285	0.43482068	-0.60670143	-0.63527167	-0.74551314	-0.40829757	0.67025846	-0.5514713	0.86964273	0.6432736
0.4426489	0.5108907	0.08736098	-0.46355194	0.73000807	-1.5398998	0.89653164	-0.3402559	-0.7669586	-0.59683603	-0.18882099	0.28414544	-0.7798432	0.5961275	0.21480013
0.73564756	0.58672607	0.72017163	-0.6806612	0.42567766	-0.6290896	0.56295073	-0.55155414	-0.47169405	-0.53230155	-0.31482035	0.63510853	-0.38434002	0.2637433	0.5386357
0.6929992	0.70489126	0.58809555	-0.69975615	0.7723502	-0.6132841	0.7873328	-0.5554461	-0.55402625	-0.7223996	-0.73517185	0.6559414	-0.73200774	0.7863328	0.5381165
0.7765687	0.47279495	0.7490366	-0.7338756	0.60363805	-0.37214363	0.4691265	-0.82883954	-0.4107511	-0.84302616	-0.6466048	0.61348325	-0.5768778	0.1472011	0.5128595
0.67387336	0.3388837	0.66992927	-0.5531255	0.33029616	-0.68811244	0.40779486	-0.56068844	-0.4274716	-0.27976277	-0.40781415	0.61977637	-0.2050361	0.4222061	0.5179306
0.6797628	0.5739729	0.34110743	-0.2681211	0.31189367	-0.6959515	0.46613544	-0.8710665	-0.86434823	-0.5436905	-0.10327277	0.33236688	-0.4834086	0.8450108	0.7531052
0.8514598	0.48293224	0.8134161	-1.0643502	0.94986016	-0.8300128	0.48385745	-0.61247015	-0.3274817	-0.5469908	-1.1423846	0.2774145	-0.6745099	0.94195366	0.90843666
0.8710267	0.8337538	0.46688765	-0.6650352	0.9460095	-0.7567591	0.5664787	-1.1933825	-0.53847253	-0.66629964	-0.9980963	0.4665829	-0.5149667	0.5567128	0.8325489
0.62857145	0.72183	0.81657106	-0.6725034	0.42430854	-0.68025833	0.59926826	-0.62263614	-0.72858334	-0.81254375	-0.6566363	0.6099842	-0.42059025	0.5435323	0.7950068
0.5924434	0.7990947	0.7356228	-0.54354554	0.6153239	-0.34125555	0.2190836	-0.69124174	-0.34450194	-0.5518293	-0.67979896	0.55719787	-0.56574064	0.73703474	0.4874564
0.4189475	0.3820775	0.55769646	-0.7345088	0.85719717	-1.0755414	0.36812794	-0.7197659	-0.9332811	-1.0159848	-0.8203045	0.99280864	-0.95687354	0.6307451	0.45756412
0.72924316	0.8684096	0.6846452	-1.0241362	0.47033682	-0.55891764	0.7471602	-0.52871245	-1.2845395	-0.56211156	-0.3289757	0.34115478	-0.8351703	0.8885367	0.6214015
0.36469927	0.78928715	0.7859029	-0.6982241	0.56385386	-1.0711428	0.38613337	-0.6143391	-0.60960644	-0.7247654	-0.35374016	0.55704224	-0.54883516	0.45231342	0.7058579
0.60532033	0.4513422	0.85658205	-0.68939453	0.5281521	-0.4211819	0.441374	-0.36652437	-0.739673	-0.4706557	-0.4961615	1.0572337	-0.6856781	0.4190952	0.5849492
0.54747283	0.68795896	0.7338766	-0.7458231	0.26594716	-0.586815	0.7633404	-0.77568	-0.6428169	-0.90251124	-0.7868719	0.54561144	-0.7730598	0.813485	0.5295637
0.6869799	0.34967688	1.1859232	-0.818445	0.4481139	-0.4488944	0.8585796	-0.18041879	-0.30033076	-0.15045233	0.028238	1.016185	0.15136752	0.26350814	0.39204195
0.5804351	0.7370683	0.471637	-0.6343646	0.69460016	-0.91581476	0.58232063	-0.5813304	-0.4144754	-0.77459323	-0.82738644	0.26647228	-0.79283786	0.8185318	0.79264295
0.5974908	0.5454552	0.44982526	-0.2263644	0.583886	-0.7327785	0.5652229	-0.5250115	-0.69873744	-0.64867276	-0.4780503	0.6403994	-0.67851335	0.43677175	0.5421824
0.6939287	0.6160187	0.89051676	-0.8332817	0.60397154	-0.89244395	0.71654123	-0.62694454	-0.62411135	-0.60448694	-0.36224177	0.45789316	-0.32219103	0.5062683	0.6222486
-0.41185364	0.92187625	1.1716349	-0.03807771	0.63141495	-1.1311841	0.28389686	0.9778396	-1.4728338	-0.18643737	0.8996901	0.8727821	-0.044717174	0.80884403	0.86202484
0.7036643	0.7251141	0.5743649	-0.43273118	0.7450184	-0.28626353	0.69305205	-0.46904168	-0.31210476	-0.5185106	-0.6266124	0.50943303	-0.6276679	0.65952617	0.5809389
0.6741161	0.47340626	1.4934778	-1.0174105	0.73132014	-0.39348626	1.0049634	-0.5914772	-0.510786	-0.72134966	-0.13957386	1.1802009	-0.69172835	0.84641206	0.3926784
0.6053901	0.9143201	0.13702059	-0.57623357	0.9300384	-0.2588538	0.45315793	-0.64613515	-0.9430162	-0.61916727	-0.85813016	0.42759776	-0.8333713	-0.15816145	0.6303463
0.49304128	0.4901121	0.4753983	-0.4629692	0.5548829	-0.71050483	0.81171584	-0.37017822	-0.3636087	-0.6536805	-0.747595	0.49067545	-0.40551946	0.94865507	0.6971361
0.6097362	0.33641145	0.87199515	-0.42724782	0.51522374	-0.5094303	0.78572196	-0.4866686	-0.62281203	-0.69765174	-0.4712253	0.7579249	-0.6873656	0.4295038	0.8553501
0.6668467	0.89855796	0.7008581	-0.9319419	0.7733652	-0.36367592	0.64225024	-0.32668805	-0.6400351	-0.69600016	-0.7674362	0.4596958	-0.7102987	0.70056206	0.8613387
1.2766762	0.6868978	0.5694479	-0.5709498	0.6547656	-0.06924334	0.3832033	-0.92484117	-0.16653681	-0.3285992	-0.8463614	0.90675	-0.49553436	0.53345627	1.2174908
0.4053487	0.90623206	0.36030915	-0.6202741	0.9591519	-0.5730199	0.83588874	-0.55201274	-0.52504635	-0.88758993	-1.1405015	0.5438076	-0.8641421	0.5670878	0.7158631
0.7129476	0.64890873	0.59062266	-0.4620569	0.64308304	-0.505542	0.595336	-0.33760807	-0.31333756	-0.13305072	-0.8009376	0.5882674	-0.6526381	0.7602937	0.8697248
0.622178	0.50293386	0.47904745	-0.50138056	0.61584896	-0.82893056	0.94986355	-0.68237495	-0.5349244	-0.66354954	-0.74927497	0.5726357	-0.8939436	1.0906558	0.74893457
0.8953198	0.8149211	0.8928437	-1.0013632	0.7257372	-0.62090933	0.51927084	-0.6169164	-1.0615135	-0.70813954	-0.37430468	0.84466356	-0.51417524	0.320471	0.7191666
0.7041776	1.0392699	0.8539629	-0.6317914	0.56393176	-0.52504694	0.5675077	-0.4246883	-0.8406095	-0.51019853	-0.5204266	0.96017414	-0.55540496	0.2654349	1.3457547
0.6791767	0.46284845	0.78335035	-0.6124976	0.6415068	-0.17780761	0.54096335	-0.57184595	-0.3633666	-0.64293283	-0.5975848	0.67213994	-0.47497195	0.6435501	0.5883309
0.6179496	0.39201736	0.71691877	-0.70676833	0.40457684	-0.8005965	-0.0045321714	-0.759334	-0.2947621	-0.47423342	-0.6799169	0.6408758	-0.3918619	-0.25464723	0.667852
0.020903831	1.419184	1.1307306	0.041156415	1.3278409	-2.099745	0.5173775	-1.479885	0.89632803	-0.85647815	-0.02821082	0.5717244	-0.08981576	0.8515383	1.116789
0.41145748	0.5018083	0.66038805	-1.2668549	0.39615354	0.068116605	1.0563834	-0.39165303	-0.8621479	-0.89394295	-0.71309316	1.0830444	-0.19909562	0.6729365	0.45791143
0.92102265	0.9508895	0.5820047	-0.77720803	0.7163381	-0.4694117	0.28617254	-1.3234825	-0.46329156	-0.92921054	-0.8114834	0.28614742	-0.957392	0.93644977	0.9511238
0.9134028	0.49956232	0.93342066	-0.759173	0.54024434	-0.24836631	0.42518738	-0.55648494	-0.6858619	-0.57932186	-0.47255346	0.8555938	-0.7724407	0.65546495	0.6625467
0.83002967	0.21998367	0.54023063	-0.65068483	0.7999765	-0.18096383	0.42626327	-1.0515766	-0.71409285	-0.7356691	-0.9584746	0.6045831	-0.65935403	0.90345734	0.72667587
0.75623965	0.9263748	0.6532212	-0.40018153	0.62494516	-0.13550398	0.4985509	-0.8933013	-0.56645346	-0.72411555	-0.8463624	0.4849741	-0.52726454	0.7316596	0.7608434
0.63330865	0.5200312	0.5347939	-0.24970046	0.40688688	-0.40632656	0.44043836	-0.5574306	-0.33617043	-0.6533736	-0.46680018	0.36528942	-0.6279182	0.6784346	0.2785795
-0.3093594	1.1158143	0.5651997	0.59376657	1.0562354	-1.3074244	1.0989838	0.38319075	-1.0501875	-0.38553125	-0.8926575	-0.31302944	-1.0964934	1.5427469	-0.2317855
0.6861423	0.4138802	0.70023614	-0.75822276	0.49145862	-0.15116073	0.9372182	-0.46384498	-0.22559679	-0.3890334	-0.6161753	0.6119533	-0.5471533	0.77521574	0.4827373
0.7581279	0.67583007	0.99376535	-0.74281555	0.6986076	-0.6246681	0.7336104	-0.7566	-0.38434058	-0.65286624	-0.54207814	0.8037956	-0.23328693	0.34935305	0.8341955
0.69977295	0.40248644	0.35377544	-0.9332363	0.60749173	-0.8078856	0.87182283	-0.7032211	-0.599839	-0.48921654	-0.60265017	0.7774376	-0.9202217	0.8698323	0.70522135
0.60194886	0.89075917	-0.0010101047	-0.20023434	1.1142807	-0.5954586	1.2835009	-0.9644433	-1.1209567	-1.0026782	-1.1556783	0.22337498	-0.8012777	0.8541105	0.3490728
0.3879176	0.7388757	0.47493663	-0.34025285	0.5810936	-0.33905932	0.65837675	-0.75899863	-0.39303464	-0.37843946	-0.69469887	0.41811058	-0.55854726	0.7476499	0.5475953
0.92252487	0.56574297	1.1030533	-0.47024152	0.678596	0.4367415	1.211954	-0.83212644	-0.027168535	-0.48651987	-0.6006258	1.2435461	-0.9689736	0.9520811	0.38668755
0.52392155	0.62225956	0.5636325	-0.38583085	0.3266344	-0.17821257	0.5245016	-0.37579185	-0.29632497	-0.5373151	-0.67567605	0.6049564	-0.4837433	0.45525497	0.5489104
0.66695964	0.13113405	0.8027689	-0.65924495	0.15458883	-0.85370415	0.6096351	-0.06725611	-0.49419498	0.016722806	-0.440043	0.2959306	-0.3270054	0.2293013	0.748572
0.4910907	0.840762	0.60879457	-0.57446176	0.46026063	-0.3926418	0.6109958	-0.6945873	-0.31758586	-0.6824512	-0.59825104	0.7616219	-0.67055064	0.821446	0.41668233
0.49816233	0.5298835	0.40798953	-0.39986974	0.65807	-0.83921754	0.5435177	-0.7172756	-0.8589178	-0.7783001	-0.58873695	0.48837033	-0.5943725	0.62862074	0.44014317
0.599851	0.806205	0.32491958	-0.873756	0.77880776	-0.5448376	0.70720553	-0.5275793	-0.90588176	-0.94903445	-0.6452324	0.7155562	-0.6941117	0.585401	0.60146457
0.6142934	0.4500928	0.91731745	-0.91751385	0.5148581	-0.21219887	0.6035401	-0.6396927	-0.29007378	-0.72829485	-0.68461704	0.70272756	-0.5769258	0.64593136	0.5455099
0.70879835	0.68579173	0.4676818	-0.45126322	0.7068784	-0.19511072	0.7370161	-0.6090306	-0.40614057	-0.7086108	-0.7844522	0.6088912	-0.81465	0.705561	0.7065679
0.49177134	0.54679227	0.6551782	-0.447412	0.31963256	-0.82315826	0.81523204	-0.7754333	-0.23331295	-0.525047	-0.60472596	0.4102267	-0.7430618	0.75061184	0.3172893
0.61103904	0.5891136	0.9894505	-0.9038488	0.630987	-1.1183217	0.33608213	-0.6908078	-0.7573662	-0.7055854	-0.51576126	0.48255885	-0.39815593	0.015838329	0.7014818
0.731522	0.49289376	0.4448709	-0.33839643	0.6278006	-0.30741146	0.6708137	-0.50365204	-0.23369312	-0.46635392	-0.7082537	0.6502951	-0.67115104	0.570523	0.7439054
0.56158054	0.34616962	0.5202101	-0.64548075	0.6997421	-0.50819004	0.50265545	-0.46075892	-0.43324155	-0.5304843	-0.42570236	0.40507692	-0.33341295	0.071679436	0.52133983
0.5958565	0.5936089	0.563108	-0.7042881	0.750306	-1.0338849	0.7294241	-0.21717411	-0.7682976	-0.4920718	-0.57780904	0.25797725	-0.3558901	0.50672066	0.6349489
0.28479278	0.49803436	0.9339789	-0.5905505	0.6513052	-0.16787633	0.64093935	-0.6139062	-0.611108	-0.451344	-0.54946125	0.6683006	-0.33876172	0.6508157	0.41214967
0.5871405	0.5252545	0.588247	-0.5299119	0.80259985	0.15856028	0.70695764	-0.55532086	-0.26912692	-0.4668956	-0.65195304	0.65473986	-0.71810293	0.80330175	0.6042604
0.67859095	0.67595124	0.5745814	-0.9353162	0.74074256	-0.7234826	0.5738889	-0.7965652	-0.669666	-0.72024554	-0.5502433	0.71535975	-0.57428145	0.63577956	1.0350695
0.11924636	0.8211844	0.5579345	-0.64867145	0.8761173	-1.1500453	0.6922578	-0.7219478	-0.8746131	-0.5104109	-0.65694815	0.7635248	-1.0367103	1.0189676	0.40553236
0.8915072	0.8422692	0.8625896	-0.766855	0.19117962	-1.6475375	0.8796401	-0.86893195	-0.76710284	-0.33304384	-0.43372065	0.3283785	-0.4201479	0.5173422	0.5540369
0.7827493	0.59000236	1.069521	-0.97991186	0.789824	-0.7601481	0.05438448	-0.36437288	-0.5985625	-0.8399655	-0.7505189	0.61946917	-0.33017147	-0.19697617	0.6442096
0.45331678	0.7562374	0.6484974	-0.43732688	0.6062389	-0.4575469	0.46878132	-1.0733306	-1.3023369	-0.6897994	-0.6968214	0.809017	-0.8652045	0.19946614	0.7111446
0.91154265	0.5821473	1.1241952	-1.2283375	0.62807804	-0.82078445	1.0277444	-0.7486922	-0.8961065	-0.5061219	-0.70648485	0.5966342	-0.50350696	0.47983986	0.7470191
0.7065875	2.2141232	-1.0934355	-1.2275792	0.8901391	-1.2654611	0.9387618	-0.25282934	0.9397402	-0.740393	-0.69929135	0.4225785	-2.1766117	1.3202683	-0.3553695
0.5381585	0.5750864	0.4885812	-0.62884265	0.7422982	-0.79569876	0.58711666	-0.7706639	-0.97616285	-0.80797386	-0.8579232	0.42072982	-0.6564524	0.5943419	0.64947903
0.2277821	0.36530024	-0.00040722836	-0.029407287	0.4638557	-1.0936066	0.683215	-0.23162721	-1.2214882	-0.6564408	-0.60835135	0.30331194	-0.727136	0.4135132	0.7045562
0.67156696	0.6469562	0.7261739	-0.6047485	0.5858831	-0.43431032	0.9494373	-0.55401903	-0.6758489	-0.84179366	-0.7250819	0.72790223	-0.8926916	0.90718955	0.6913567
0.7642422	0.46084598	0.42602247	-0.9771657	1.0371573	-0.051729433	0.48021895	-0.40769482	-0.8998224	-1.059366	-0.8238619	0.7740023	-0.5866497	0.9891849	0.6749089
0.3847079	1.0513189	0.5981658	-0.94348514	0.7876443	-0.06880939	0.18837117	-0.5869742	-0.7662552	-0.6887394	-0.5060172	0.9147203	-0.26645967	0.91775227	0.87319195
0.45091352	0.5078436	0.31000975	-0.7119915	0.5419336	-0.812188	0.77880985	-0.48909065	-0.70173997	-0.81227773	-0.5082723	0.9627468	-0.47054562	0.7096972	0.5245613
0.6252407	0.62375975	0.5412045	-0.6682962	0.8907668	-0.36043683	0.907267	-0.6566901	-0.5171064	-0.6192325	-0.9901776	0.6261862	-0.6802034	0.68063587	0.6794376
0.7361945	0.76949894	0.57893205	-0.70628625	0.65935755	-0.42778024	0.26042154	-1.0457149	-0.48784775	-0.7868574	-0.7106293	0.32604286	-0.8075967	0.39818624	0.65638673
0.76265407	0.4959681	0.7520885	-0.5397846	0.59517056	-0.6696865	0.10396662	-0.4049356	-0.6635699	-0.75608456	-0.7291849	0.7248722	-0.7808253	0.19637226	0.7396432
0.6813032	0.100924164	0.77277297	-0.57998425	0.5911278	-1.1427442	1.0620936	-0.48034793	-0.6666321	-0.55556846	-0.60457647	0.5222671	-0.38850453	0.81170267	0.32847506
0.54952633	0.30457214	0.6821033	-0.879558	0.52244836	-0.502432	0.81945986	-0.48242882	-0.47996497	-0.2707807	-0.40087742	0.3424875	-0.6250925	0.737116	0.76225615
0.7418437	0.39191237	1.1941198	-1.4647152	0.7193843	-0.41750342	0.12180452	-0.41047978	-1.2265526	-0.9161866	-0.45960617	0.7514261	-0.34786597	-0.39181286	0.36005232
0.7004943	0.6994015	0.44047493	-0.5222596	0.7927114	-0.50413	0.40389153	-0.71334684	-0.94486034	-0.6852232	-0.8086927	0.48075846	-0.81889766	0.6006921	0.6193845
0.28889266	1.1265891	-0.056594573	-0.03485446	1.1431973	0.09522308	1.1146144	-0.32384378	-0.9331268	-0.44117123	-0.8537907	-0.10593757	-0.80753577	0.8200993	0.480766
0.94061095	0.58246034	0.9780753	-0.7937915	0.7524948	-0.85187227	0.19645986	-0.7817162	-0.84883344	-1.0082612	-0.6190765	0.57917213	-0.5159783	-0.18875572	0.9077831
0.8217775	0.6845869	0.52633935	-0.55826145	0.693833	-0.66424155	0.58361566	-0.7034218	-0.7318894	-0.57917774	-0.9860078	0.6577546	-0.76607525	0.9824755	0.6100761
0.3995832	0.6562691	0.21660702	-0.3778621	0.5753678	-0.21825695	0.544674	-0.6059897	-0.44045472	-0.5769347	-0.37957573	0.49386847	-0.6277809	0.79382	0.42990577
0.5313466	0.6440247	0.795173	-0.86160046	0.80112165	-0.8393472	0.18710104	-0.72578543	-1.2838119	-0.2549621	-0.3539977	0.77375513	-0.65461135	0.0322542	0.45263955
0.5368118	0.5355489	0.46880183	-0.56159556	0.77329606	-0.074139625	0.7676399	-0.33599544	-0.4878885	-0.65624	-0.60320324	0.444164	-0.6793555	0.3850981	0.6623625
0.49525806	0.85880524	0.06148346	-0.39046073	0.63180715	-0.70077825	0.6868668	-0.7750609	-0.46638405	-1.215782	-0.96158147	0.70634264	-1.234577	1.3754814	0.8955334
0.6045324	0.6604543	0.75601286	-0.88381183	0.63402724	-0.42977384	0.7451443	-0.4264961	-0.6432296	-0.46044296	-0.7288671	0.7653631	-0.55964214	0.50920534	0.76261634
0.5631437	0.6549046	0.7554682	-0.74833816	0.5357964	-1.0871333	0.12791683	-0.54685277	-0.6426244	-0.91717875	-0.5373013	0.45860347	-0.6056206	-0.014484187	0.11601101
0.70919484	0.6605569	0.44962713	-0.70155686	1.016489	-0.5891224	0.78067285	-1.2675487	-0.58021903	-0.88877684	-0.78319246	0.21181585	-0.6666123	1.1618972	0.8027616
0.100733705	0.7763872	1.2883006	-0.60308915	-0.104236014	-0.9015526	1.1450969	-1.1245047	0.06232444	-0.5349136	-0.1894523	1.1353669	-0.75196534	0.3761495	1.2480302
0.49215108	0.52891225	0.6415152	-0.59508365	0.75047386	-0.16122496	0.60097444	-0.587658	-0.5324827	-0.7280253	-0.624445	0.411401	-0.56320256	0.6954736	0.5339911
0.7290178	0.6662044	0.35036758	-0.63688534	0.561523	-0.5692401	0.6015045	-0.6651973	-0.45331514	-0.5307943	-0.632067	0.49941412	-0.5688139	0.566467	0.47619987
0.6683895	0.7566523	0.6562058	-0.50464326	0.58739173	-0.9258474	0.884709	-0.72057796	-0.62049013	-0.62817466	-0.75904334	0.5579138	-0.6328116	1.0352956	0.8225983
0.2637158	0.21391562	-0.10570179	-0.17987542	0.11702808	0.04518082	0.1917247	-0.07574226	-0.26537946	-0.06749517	-0.19630839	0.12201393	-0.19966543	0.08393955	0.12329935
0.61506045	0.64926594	0.48141518	-0.8666744	0.686512	-0.057052515	0.73739594	-0.5697622	-0.74404585	-0.6063534	-0.5059275	0.8123674	-0.5756199	0.6036868	0.59332705
0.45187858	0.7756623	0.5802905	-0.5662479	0.829111	-0.61304504	0.6329544	-0.5158626	-0.67631805	-1.0428295	-0.71880543	0.40591285	-0.71215355	0.8009992	0.46506846
0.767175	0.5972217	0.2669248	-0.34000844	0.6102027	-0.65050066	0.72279894	-0.5988071	-0.7013151	-0.5085064	-0.84091043	0.6173362	-0.8702783	0.8499752	0.63572335
0.5763089	0.6544637	0.5645923	-0.53633296	0.73994845	-0.60882896	0.5594019	-1.070055	-0.45176482	-0.941207	-0.75326043	0.31026417	-0.7191637	0.38426408	0.52876717
0.70946807	0.72196484	0.7614096	-0.5630862	0.6741581	-0.9681243	0.9928939	-0.33751085	-0.6869601	-0.57594925	-0.65128636	0.82107073	-0.27134767	0.7615536	0.6421661
-0.25988573	-0.08537276	0.09997756	-0.12935863	1.3202146	-1.8746084	1.6495405	-1.5397348	-0.9944016	-1.9177433	0.29680112	0.6371467	-1.2347006	-0.48858747	-0.5497627
0.45621502	0.6672173	0.3252181	-0.19014895	0.70785445	-0.2522708	0.7179948	-0.61975956	-0.40076947	-0.6834501	-0.8200399	0.44048816	-0.58154476	0.83167493	0.6749226
0.7555578	0.7916316	0.67651415	-0.67154783	0.5369857	-0.2814305	0.6305156	-0.6499801	-0.5502922	-0.66233104	-0.7572126	0.640965	-0.49317884	0.65314883	0.7553168
0.6105902	0.6937317	0.5500871	-0.54822975	0.799107	-0.4971993	0.7253124	-0.6160714	-0.59633875	-0.75447035	-0.7972366	0.81750417	-0.71841913	0.43570563	0.40043625
0.7715712	0.8612926	1.0520355	-0.88518643	0.32229093	-0.68278897	1.0025575	-0.97035706	-0.98315257	-0.28582817	-0.5883347	0.9328414	-0.40686104	0.73197305	1.147487
1.064603	0.2991383	0.2799894	-0.8875947	0.3802187	-1.064833	0.42625827	-0.9544216	-0.9295502	-1.0255305	-0.7122762	1.174663	-0.6152398	0.644007	0.9666236
0.6732193	0.7708698	0.38840368	-0.34565973	0.64837813	-0.25941312	0.52882624	-0.44203085	-0.504486	-0.6992101	-0.59243417	0.7539478	-0.5416228	0.6218926	0.59612024
0.6491158	0.31148055	0.70243657	-0.6222142	0.4275511	-0.34868285	0.70157	-0.6179169	-0.47814688	-0.5513252	-0.5193721	0.63699824	-0.51084965	0.33868042	0.5213669
0.7923893	0.5653266	0.8461751	-0.8852831	0.8275431	-0.6195273	0.61581486	-0.75599676	-0.39027062	-0.8736654	-0.40955648	0.516205	-0.4769012	0.4626645	0.78625184
0.7349274	0.78103936	0.7296511	-0.48416564	0.60877526	-0.39149758	0.5972548	-0.6727003	-0.5590592	-0.62274563	-0.6388932	0.70313674	-0.81620646	0.70679086	0.7478025
0.76332724	0.7540277	1.0435281	-0.8223515	0.46326187	-0.93009627	0.50865793	-0.567198	-1.0110818	-0.83414567	-0.6112812	0.9039579	-0.29261956	-0.08047323	0.6284906
0.6954843	0.6015199	0.5864565	-0.71324164	0.7086122	-0.43853295	0.61208296	-0.62658536	-0.8819436	-0.692807	-0.64511484	0.5296847	-0.6100955	0.9186422	0.57340544
0.7693743	0.63544446	0.77374583	-0.8398439	0.78253114	-0.20361602	0.667422	-0.76883173	-0.59260213	-0.6707142	-0.654826	0.8598002	-0.594858	0.85188544	0.6936007
0.44954222	0.34300286	0.6415197	-0.2179462	0.4716201	-0.21342373	0.45860168	-0.3771116	-1.2713314	-0.6814431	-0.32371557	0.6632613	-0.5583459	0.3444993	0.22719295
-0.93325454	0.044300023	-0.24022898	-0.023062147	0.7131503	-2.504739	1.7703491	-1.3430464	-1.3364531	0.29452866	0.2605247	0.43128592	-0.05425156	0.3370089	0.91649103
0.60039985	0.62745106	0.526415	-0.61876905	0.7556523	-0.34419027	0.65083045	-0.65214694	-0.4082473	-0.2620464	-0.60091335	0.39234713	-0.6855276	0.3479073	0.70500225
0.7616795	0.8290872	0.84574723	-1.0927054	1.1284989	-0.6200566	0.65863174	-0.5941534	-1.0513165	-0.81864643	-0.52710533	0.55725616	-0.7072866	0.543657	0.360455
0.59310186	0.6980564	0.37172118	-0.6410997	0.90496576	-1.1521728	0.7298768	-0.7552728	-1.0816362	-0.77690846	-0.7477029	0.48133492	-0.9522867	0.87534064	0.5433212
0.79855245	0.68998146	1.005645	-0.6856283	0.47986796	-0.04428225	0.57902473	-0.37349886	-0.8398115	-0.49952248	-0.31163034	0.71033585	-0.50201386	0.914778	0.6088014
0.48733798	0.7333707	0.5326245	-0.5285676	0.5446973	-0.24614394	0.57295454	-0.2708571	-0.7535562	-0.5721545	-0.6043069	0.80440855	-0.7353363	0.4805635	0.4550025
0.7608065	0.5192034	0.75876343	-0.63570255	0.51868546	-0.6721928	0.26959524	-0.3766508	-0.35640392	-0.52659917	-0.48613757	0.71174073	-0.61485654	0.23872659	0.7236857
0.05021163	0.8119762	1.1010816	-0.58272004	0.9855249	-1.1268145	0.12871528	-0.78285694	-1.2338897	-0.92134535	-1.1057026	-0.3240585	-1.0555792	1.5059812	0.07919917
0.80245525	0.52224463	1.0686358	-0.73054063	0.25723687	-0.62463343	0.18171489	-0.5455467	-0.29353577	-0.43339705	-0.59800875	0.78082246	-0.6413157	-0.031811085	0.72398585
0.59371245	0.590134	0.4252664	-0.60784584	0.5165744	-0.56485486	0.48452017	-0.5396712	-0.59419066	-0.683113	-0.51448566	0.6667247	-0.7075821	0.7030668	0.49950927
0.6585995	0.69211817	0.714636	-0.6416423	0.5949008	-0.21715713	0.5847881	-0.53255254	-0.53189737	-0.6006985	-0.7500875	0.62448776	-0.50607586	0.38314924	0.6902523
0.4926847	0.73130155	0.5059761	-0.50602156	0.5655351	-0.16824795	0.74713737	-0.3963152	-0.41523907	-0.51481813	-0.70573723	0.59211326	-0.8873025	0.9259657	0.6412816
1.1483009	0.34671164	0.5027153	0.5634262	1.6820264	-1.2156833	-1.0761415	-1.9499729	-1.0788765	0.654144	-0.68954533	1.6826727	-0.53854585	0.8194163	-1.949411
0.9284205	0.93552846	0.7895848	-0.5894358	0.6415082	-0.5513242	0.43495947	-0.45584384	-0.87589145	-0.49129766	-0.7357082	0.7125973	-0.5825145	0.39429575	1.1275483
0.5408476	0.62691474	0.73548084	-0.66077757	0.69934267	-0.48706877	0.39003348	-0.69994515	-0.71209943	-0.8530713	-0.7192459	0.5443652	-0.7228479	0.1941699	0.70778745
0.23250414	0.52287614	0.45786157	-0.054199923	0.78615236	0.088473536	0.054188546	-1.04494	-1.0165673	-0.77382827	-1.2339736	1.3606923	-0.7927845	1.6824507	0.4579312
0.5878379	0.31681937	0.7123613	-0.3668464	0.5692011	-0.114255935	0.5219873	-0.5399355	-0.45765853	-0.48228619	-0.64947754	0.43601617	-0.52923775	0.47980314	0.41161728
0.6836958	0.45669127	0.3802813	-0.5808983	0.8902573	-0.9098384	0.5110673	-0.9870898	-1.3294011	-0.9786939	-0.6194967	0.5359012	-0.9879872	0.5747849	0.8568661
1.6564263	0.03977827	0.3620134	-0.84414095	1.2555482	-0.10446346	-0.13701455	-0.6830661	-0.7472316	0.11896659	-0.9767485	-0.011919551	-1.971709	1.57034	0.8234913
0.49071658	0.6247633	0.581576	-0.48245263	0.4333176	-0.28162366	0.34922075	-0.5901336	-0.6923769	-0.35182464	-0.42968267	0.44257	-0.43119064	0.5026388	0.45366782
1.1449591	0.6388246	1.2731634	-1.1494261	0.42698786	0.110188335	0.44881788	-0.6201587	-0.08057503	-0.7241602	-0.8135782	1.0437269	-0.322882	-0.07605498	1.245421
0.4464911	0.11471666	-0.6917408	-0.9718768	0.8343826	-0.6590234	1.1879923	-1.042387	-0.9627432	-0.7564269	-0.80035686	1.272371	-0.24874981	1.7975817	0.3421626
0.60574716	0.16980222	1.4968673	-0.8402595	0.13519518	-0.52057034	0.99180317	-0.44234484	-0.462258	-0.7602197	-0.68630433	0.811362	-0.78332716	-0.40573868	0.5703139
0.7114325	0.4838005	0.9568076	-0.84909993	0.64151585	-0.758512	0.24009864	-0.85761917	-0.48921418	-1.0979481	-0.5508235	0.77820694	-0.2911442	-0.16970338	0.5660251
0.7416575	1.1719215	1.0901408	-0.81299263	0.4673547	-0.67797965	0.47930518	-0.7121874	-0.6583726	-0.5144431	-0.6578847	0.7376299	-0.60061896	0.26321334	0.7632445
0.43805316	0.45069733	0.4065556	-0.5955355	0.6814748	0.105815396	0.6959535	-0.38057482	-0.32173964	-0.73079664	-0.5129637	0.74640834	-0.5091406	0.4863566	0.60234493
1.0261651	0.5419538	0.5213995	-0.9492122	0.91323024	-0.02674086	0.6920833	-0.9171701	-0.27756247	-0.59139454	-0.7775692	0.9682287	-0.7294806	1.1006458	0.395366
-0.06969061	1.1767209	0.37990972	-0.5629992	1.4754843	1.1569054	0.42981094	-1.5157908	-1.2252313	-0.11837009	-0.07255327	1.2545273	-2.163078	-0.12308041	1.0811228
0.22721298	0.6064773	0.20679064	-0.2375629	0.60739595	-0.8418089	0.7983991	-0.9953776	-0.52269024	-0.85099196	-0.7582399	0.28854573	-0.74182844	0.9656417	0.36548612
1.1312755	0.71348655	0.99230736	-0.9865701	0.66534233	-0.55707943	0.60202205	-0.54333663	-0.65882456	-0.6035702	-0.5649069	0.59811676	-0.4955525	0.22739615	0.82882875
0.78207994	-0.054951742	1.1906149	-0.9311877	0.51084304	-1.24963	0.2576786	-0.8881371	-0.64527565	-0.68863714	-0.34132585	0.62811834	0.25320438	0.6053343	0.5871442
0.61150044	0.4413011	0.62495357	-0.50838184	0.6130884	-0.9692911	0.70557016	-0.72507465	-0.34112072	-0.7290911	-1.0122948	0.3107514	-0.53269655	0.43255666	0.64612114
0.61611813	1.0348717	0.731096	-0.57033986	0.7506423	-0.26592895	0.37945053	-0.81371635	-0.36176246	-0.66800994	-0.7566614	0.4570476	-0.83851993	0.62424564	0.5807842
0.8836776	0.9513809	0.7723507	-0.64407814	0.20450373	-1.2538503	0.39323616	-1.0179964	-1.0898583	-1.2747235	-1.0428708	0.6183895	-0.5247264	0.96668136	1.1026887
0.43751895	0.6187368	0.4593869	-0.48945856	0.5652441	-0.19133863	0.6196841	-0.58472717	-0.62480706	-0.6057567	-0.545173	0.4696113	-0.5875505	0.7632824	0.60591
0.36104926	0.69296044	0.53683317	-0.27233475	0.40014687	-1.1407142	0.60569865	-0.4435257	-0.7528108	-0.41857946	-0.6419785	0.44516987	-0.26886728	0.8205347	0.54764336
0.7230202	0.7590609	0.85738796	-1.0910718	0.44755852	-0.22853713	0.5835276	-0.4958878	-1.0563749	-0.7135659	-0.6023729	0.9856235	-0.58927953	0.2939485	0.6506887
0.5331339	0.8137857	0.5911051	-0.87696385	0.55537045	-0.66415834	0.68357736	-0.8091225	-0.46028897	-0.760691	-0.766691	0.5237979	-0.6412795	0.6805509	0.61959416
0.26294625	0.621463	0.9019842	-0.34063804	0.54293877	-0.6475789	0.6329646	-0.61194605	-0.4490168	-0.75689894	-0.71069515	0.5970194	-0.7788614	1.4995615	0.5674858
0.6725923	0.5253189	0.8411304	-0.6643543	0.41810435	-0.5635012	0.5027903	-0.7010558	0.00024159519	-0.5777054	-0.18573146	0.68782675	0.16685839	-0.1766058	0.74575096
0.43597153	0.6008445	0.41607904	-0.28375024	0.6465571	-1.2189556	0.9769424	-0.7758824	-0.6118548	-0.6769554	-0.926933	0.6126077	-0.82105726	0.41814306	0.9403284
0.44745666	0.36680794	0.7710964	-0.4338702	0.7409623	-1.0384933	0.23446883	-0.76923865	-1.0582464	-0.7501636	-0.629793	0.27614522	-0.52990955	0.6551541	0.5415622
0.6390137	0.6489759	0.58903366	-0.66704535	0.5576574	-0.93317527	0.628666	-0.5604364	-0.7627818	-0.30753437	-0.588152	0.72178835	-0.7300831	0.5988351	0.44766167
0.60574216	0.60977805	0.71572655	-0.738064	0.68010676	-0.78453076	0.8099649	-0.6717776	-0.50223446	-0.7256261	-0.6469253	0.5899802	-0.6341854	0.609023	0.6932836
0.9294719	0.20726657	0.49085942	-0.53628045	0.44832766	-0.60462373	0.4212627	-0.5304334	-0.5586207	-0.7103288	-0.70888215	0.57659113	-0.6165159	0.78245336	0.58672035
0.6405125	0.4292683	0.591709	-0.5906496	0.40764293	-0.60742253	0.009917594	-0.46318486	-0.35198635	-0.4933613	-0.443465	0.49034286	-0.43274966	-0.17397337	0.4481234
0.5787264	0.5685851	0.34487948	-0.5215189	0.29358327	-0.04266042	0.19948953	-0.01616647	-0.41577676	-0.36046275	-0.43528524	0.39529273	-0.24760492	-0.04447968	0.24174806
0.96475744	0.41111147	0.013011205	-0.62958	-0.1495289	-0.607812	0.54189235	-0.57241637	-0.031751744	-0.7652669	-0.7883764	0.6211022	-0.5342237	0.8994227	0.21586181
0.3035153	0.98313296	0.13109152	-0.31059942	0.74911404	0.28651735	0.3124996	-0.63031745	-0.9205184	-0.72905034	-0.47512728	0.46881095	-1.1027744	0.7392932	0.59314704
0.6535766	0.6350167	0.8251115	-0.5601019	0.7121731	-0.19461481	0.48326364	-0.67290705	-0.41661718	-0.59896773	-0.64570004	0.5941488	-0.75669295	0.7643193	0.6661237
0.6954062	0.7065228	0.5714248	-0.5649798	0.620848	-0.5553419	0.84160554	-0.4809716	-0.6355727	-0.7263966	-0.80176926	0.60908955	-0.8946988	0.7178929	0.5667578
0.4620815	0.81499034	0.560361	-0.5022209	0.6058512	-0.36441886	0.4587078	-0.71476424	-0.51517427	-0.66304415	-0.7224191	0.6248723	-0.63802147	0.43978518	0.5245861
0.5783367	1.0539137	0.65574986	-0.64482933	0.61033845	-0.9284168	0.36377648	-0.1982118	-0.72982585	-0.6911955	-0.7469361	0.9852571	-0.87335145	0.28265318	0.29184926
0.61315745	0.57174283	0.7075297	-0.49988872	0.623737	-0.5961001	0.59708476	-0.6163901	-0.3567316	-0.63873506	-0.44658548	0.68226445	-0.5685562	0.74564785	0.6719552
0.6215499	0.40604416	0.65067595	-0.66824085	0.5648889	-0.64878494	0.51526016	-0.72987145	-0.35356265	-0.7550021	-0.6904396	0.6315958	-0.55951285	0.45233998	0.4491596
0.50365055	0.7607712	1.3832996	-1.3733994	1.3291522	-0.05206068	-0.5794941	-0.2586927	-1.2207148	-0.2826326	0.11326243	0.02156128	-0.13850273	-1.8705959	0.67741305
0.5401023	0.53143835	0.48505166	-0.5725085	0.48027393	-0.6064166	0.92892706	-0.7639917	-0.41111645	-0.4287944	-0.7408412	0.7754753	-0.56806767	0.7973448	0.6081834
0.66342616	0.6779507	0.8226347	-0.6996627	0.72507596	-0.4072861	0.6829788	-0.58543974	-0.60464656	-0.6425268	-0.62315977	0.7768907	-0.42403796	0.56026095	0.6472073
0.8678652	0.8950526	0.75589216	-1.05733	0.6069917	-0.86201954	0.914292	-0.29590866	-0.71341383	-0.8261525	-0.34772798	0.93600565	-0.62186295	0.21286194	0.6076014
0.66797304	0.70235187	0.6594634	-0.5618401	0.50510496	-0.7051111	0.44977918	-0.56181246	-0.707714	-0.7825746	-0.48542264	0.38895914	-0.30974355	0.18246713	0.40376222
0.9800049	0.7496149	0.94310284	0.26672968	0.72564095	-0.5003203	0.6259891	-1.0848767	-0.4874111	-0.61757284	-1.0411234	0.7763887	-0.6816116	0.7964948	0.5067435
0.7309902	0.68409044	0.88189423	-0.95848256	0.59490204	-0.63590425	0.673878	-0.7024214	-0.6596554	-0.5211232	-0.76508117	0.72556233	-0.72118175	0.750784	0.8476745
0.91243	0.8951049	0.5314407	-0.6716992	0.6759421	-0.95982355	0.60943604	-0.6389965	-0.20920958	-0.69243026	-0.6157033	0.8353292	-0.5689603	0.60124034	0.57498735
1.0942487	0.16193688	-0.2033534	-0.8074774	0.35739827	-0.53548616	0.3841859	-0.648406	-1.1149276	-0.471965	-0.5576274	1.0073798	-0.7656064	0.8549758	0.9904367
0.48017523	0.5098031	0.3111323	-0.6713942	0.43425456	-1.1044275	0.47000328	-0.48672056	-0.84045947	-0.7575065	-0.5128902	0.9946751	-0.6610725	0.79817367	0.5550255
1.010744	0.39845064	1.3083286	-0.9525564	0.5826319	-0.9535254	0.5868381	-0.719248	-0.20296161	-0.26594958	-0.8615536	0.47023094	-0.9577807	0.9521533	0.8986786
0.6300899	0.538448	1.12107	-0.7738414	0.33798358	-0.8523144	0.5343762	-0.52364284	-0.10123588	-0.68579096	-0.66665596	0.56764627	-0.6495954	0.64204943	0.88074815
0.6025931	0.50784665	0.775608	-0.7722144	0.4122431	-0.5178978	0.53988045	-0.5286698	-0.4399008	-0.5461402	-0.5309264	0.60745454	-0.044322044	0.17080452	0.5845687
0.56180173	0.49677023	0.65101516	-0.6593137	0.49566224	-0.48657736	0.33762348	-0.43050817	-0.6818445	-0.73031974	-0.6885438	0.62595344	-0.5833474	0.00038614607	0.5616815
0.75383765	0.7381138	0.5882725	-0.5797783	0.57730633	0.061665244	0.46402547	-0.8102121	-0.10934072	-0.6226698	-0.5274101	0.6177601	-0.70220566	0.8070664	0.46578732
0.7690786	0.770645	0.7920978	-0.8560463	0.8094133	-0.41168198	0.48282966	-0.619479	-0.4899657	-0.5468175	-0.6620443	0.63172364	-0.6305824	0.57535094	0.78092027
0.574425	0.8326335	0.8844452	-0.75945765	0.62401044	-1.0001473	0.70995265	-0.75243646	-0.48050496	-0.58452743	-0.7121638	0.53356963	-0.4939861	0.6556669	0.85745347
0.13849005	0.759858	0.761512	-0.33160922	0.21056823	-1.811667	0.81784034	-0.42135027	-0.7415327	-0.1596961	-1.019524	0.68040407	-0.522541	-0.56816804	1.2391548
0.18388243	0.59871507	0.16500323	-0.29095376	0.9660158	-0.43104964	0.5919552	-0.72879714	-0.48447156	-0.55383897	-0.7372013	0.2477935	-0.20492451	0.6822674	0.53503877
0.6512315	0.42409164	0.6644572	-0.8665636	0.7199531	0.193619	0.4091477	-0.6366305	-0.5511814	-0.7224173	-0.5688708	0.9396135	-0.35741472	0.9682602	0.57336277
0.9315692	0.5678228	0.81831646	-0.54825985	0.6071336	0.0040682512	0.80463403	-0.3100543	-0.5400675	-0.5090348	-0.67104256	0.618278	-0.5730129	0.81901914	0.81288
0.7978203	0.50842005	0.74306923	-0.805498	0.74478257	-1.0922883	0.6470435	-0.6987426	-0.67097294	-0.5101968	-0.60975736	0.62312466	-0.6917214	0.5355025	0.5744103
0.5613642	0.47002566	0.89834297	-0.7927232	0.50668126	-0.29637158	0.7835741	-0.73696566	-0.21916594	-0.59735864	-0.69993186	0.69021195	-0.64550555	0.837453	0.5990593
0.7773959	0.92344695	0.71409565	-0.36795115	0.7273393	-0.14595836	0.52262735	-0.60201436	-0.3958532	-0.53850424	-0.9433253	0.4747443	-0.55619055	0.5884838	0.7736284
0.62834716	0.6407509	0.77191603	-0.90160537	0.59089816	-0.3771478	0.31517538	-0.75462246	-0.5381023	-0.79556674	-0.88812286	0.86739576	-0.5278869	-0.22352445	0.7250213
0.8558691	0.24909501	0.965616	-0.87864476	0.82173234	-0.42137834	0.6298329	-0.6761096	-0.15811089	-0.932037	-0.6939908	0.85586005	-0.74223095	0.538528	0.56326175
0.8115552	1.1729724	0.64454746	-1.8365729	0.75870895	-1.3444467	0.8961858	-0.5074614	-0.54961824	-0.19590043	-0.42265296	0.8947344	-0.3423197	0.3684034	1.1971145
0.7491947	0.55992275	0.9459075	-0.7898298	0.58063513	-1.0567796	0.5201299	-0.8755234	-0.6274139	-0.8171667	-0.48362637	0.87504494	-0.37982932	0.29689723	0.61443394
0.67153364	0.4536261	0.7694695	-0.8807501	0.27018356	-0.6068211	0.3850812	-0.6110339	-0.44344825	-0.50073355	-0.441997	0.5927783	-0.39720702	0.20230009	0.5742483
-0.0597042	0.41884452	0.70361763	-0.7189536	0.60911083	0.007449329	0.7065621	-0.7007713	-0.39185065	-0.70751137	-0.1912551	1.0464857	0.009484086	1.0932375	0.86371577
0.5792182	0.7413707	0.4223995	-0.44115382	0.7566824	-0.70849216	0.75924486	-0.5941292	-0.74089867	-0.4659889	-0.8128446	0.41468853	-0.7317861	0.596215	0.7078704
0.62160814	0.66274935	0.864984	-0.7767432	0.53701603	-0.4953065	0.67123294	-0.56327397	-0.9321055	-0.45470527	-0.49210775	0.7052951	-0.4225235	0.5980394	0.6832822
0.5497989	0.67534506	0.43074062	-0.3384396	0.51071197	-0.35614395	0.71820176	-0.48796654	-0.38665327	-0.32148045	-0.6499897	0.33757725	-0.63761216	0.919339	0.6388318
0.5874878	0.60387003	0.7486316	-0.51657456	0.6585916	-0.401967	0.61454314	-0.63627696	-0.24174272	-0.47909403	-0.5363757	0.60680926	-0.702847	0.5797549	0.53969824
0.6418753	0.89638746	0.86972195	-1.0130681	0.63733995	-0.64776766	0.5650739	-0.3209421	-0.90749276	-0.8098774	-0.26543885	0.70957935	-0.209077	0.4649837	0.52627254
0.6037579	1.1815532	0.3852473	-0.31204304	1.0830061	-0.28294456	0.6475633	-1.1686382	-0.3072328	-0.7590982	-0.8908691	0.7380485	-1.1945376	1.0458962	0.17854182
0.59018964	0.5207224	0.7090295	-0.7426976	0.5252092	-0.37494457	0.92770684	-0.67283565	-0.7925404	-0.58588904	-0.77637774	0.89116704	-0.69580734	0.6198948	0.73622423
0.71560967	0.53189886	1.4051334	-1.0715567	0.54140735	-0.46122217	0.6005677	-0.5719191	-0.6106614	-0.8351687	-0.40968946	0.9588096	-0.802976	0.84287703	0.7434204
1.4010872	0.50493973	0.88397	-0.8887762	-0.3272755	-0.8271661	0.46814838	-0.1203246	-0.7036772	-0.7517736	-1.453404	1.0271972	-0.8632193	0.7450664	0.89656055
0.671047	0.50732386	0.5692053	-0.6016895	0.57347894	-0.6401243	0.30251306	-0.55502	-0.62602353	-0.74272233	-0.6224383	0.6000297	-0.44141442	0.509474	0.5157668
0.78695375	0.3972265	0.70675033	-0.89504343	0.48542994	-0.5150461	0.5808192	-0.51547366	-0.613176	-0.55717903	-0.4581289	0.7749365	-0.3228231	0.34884956	0.72666615
0.9097502	0.19482386	0.8657017	-1.2011105	0.46406993	-0.47342148	0.8811662	-0.35012016	-0.48252434	-0.65796924	-0.36397803	0.8957576	-0.60859203	0.8798001	0.9076359
0.544984	0.9573778	0.68486917	-0.70287365	0.776066	-0.52710783	0.59021336	-0.7923243	-0.41042334	-0.6164078	-0.5816546	0.5307799	-0.438837	0.4391061	0.8831531
0.67566013	0.48857808	0.12882711	-0.5048715	0.29308975	-0.90736616	0.55766016	-0.9524696	-0.35057053	-0.43552116	-0.7377893	-0.003251036	-0.50834453	0.56907076	0.9948244
0.5595115	0.7428567	0.35753897	-0.72868586	0.39222315	-1.212736	0.2975132	-0.61462677	0.338249	-0.9546114	-0.9090719	0.8263274	-1.2875614	0.4671943	1.1618434
0.30566996	0.57113415	0.8489925	-0.66399026	0.3141342	-0.6637282	1.0662068	-0.8035599	-0.79090273	-0.56393665	-0.49297693	1.2623465	-0.726889	0.47328106	0.41672736
0.46574348	0.87346524	0.7296863	-0.74063075	0.16830407	-0.5068521	0.58970565	-0.5494877	-0.88346535	-0.20645544	-0.6992989	0.35148823	0.3366534	0.85175395	-0.023284111
0.619403	0.8056038	1.0382141	-0.26577622	0.84269315	-1.548977	0.7895346	0.13544726	-0.7663765	0.32479286	-0.5603656	0.64877033	-0.3192266	0.54479367	0.5999705
0.6816205	0.41061193	0.4863568	-0.6468294	0.5431507	-0.46028873	0.43330514	-0.6668641	-0.28821465	-0.48419374	-0.68369454	0.55885667	-0.6472849	0.566666	0.54881924
0.6702494	0.650127	0.6028303	-0.551533	0.68334424	-0.38668394	0.6381299	-0.7977055	-0.64503294	-0.8204268	-0.7097532	0.7963544	-0.581361	0.30997542	0.80207807
0.79571664	-1.054689	0.79685885	-0.03995087	-0.85868734	-1.5984229	1.2974852	-1.1971631	0.7644393	-0.5735301	0.5342923	0.8124489	-0.3504617	1.4776173	0.78423965
0.47927606	0.6062088	0.47116837	-0.67109555	0.687063	-0.54707843	0.75410277	-0.63095284	-0.6091164	-0.8319022	-0.7338915	0.4839888	-0.6537362	0.7083567	0.5899586
0.66897243	0.61677	0.8331883	-0.5953404	0.49928018	-0.8576809	0.45159882	-0.60431623	-0.4206744	-0.44845742	-0.46708652	0.7611171	-0.39136434	0.16201119	0.6563249
0.89922255	0.71607286	0.9785091	-0.614704	0.5535881	-0.07145713	0.5442142	-0.8393948	-0.31744555	-0.43361527	-0.60630685	0.81225854	-0.21896589	0.69933915	0.6814424
0.9532689	0.86814606	0.7283265	-0.919131	0.201313	0.30250365	0.3636968	1.0018625	-1.152562	-0.8834451	-0.82923913	0.4001156	-0.7113561	0.21736743	0.5583081
0.52050954	0.53032464	1.1077474	-0.8477275	0.8297279	-1.0326377	0.6996685	-0.9158452	-0.9139225	-0.28933063	-0.979018	0.86793536	-1.0902773	0.90341896	0.6118184
1.2916301	0.6785603	1.162674	-0.90857697	0.79096586	-0.9765123	0.64042455	-0.41646394	-0.2944141	-0.6188069	-0.42328674	0.81519073	-0.57343733	1.0212266	1.32532
0.8177276	0.31712136	0.615967	-0.69046474	0.60953534	-0.41578153	0.5203606	-0.84911036	-0.3262108	-0.35183153	-0.69669044	0.73765665	-0.4360229	0.618662	0.8982692
0.38658187	0.5662554	0.5107459	-0.60172683	0.5398683	-0.16644491	0.550812	-0.5874045	-0.6464041	-0.6376278	-0.5609442	0.75891286	-0.8330927	0.5634053	0.73302895
0.62388796	0.5144083	0.22550538	-0.59418166	0.6804577	-0.2218854	0.6742922	-0.32610065	-0.91472465	-0.65940684	-0.3550593	0.5259408	-0.54558116	0.3024465	0.6810112
0.5869838	0.4841724	0.88702345	-0.9411776	0.54572994	-0.36831024	0.5556031	-0.40887263	-0.7208608	-1.0889258	-0.5870011	0.9096561	-0.7067244	0.32135198	0.65716565
0.7250497	0.535254	0.7882418	-0.7152998	0.5349724	-0.78281116	0.6966097	-0.44165018	-0.8781503	-0.6346734	-0.8079469	0.7640635	-0.47768357	0.7442378	0.5161081
1.070386	0.66756153	0.9405972	-0.6367639	0.56745285	-0.49562988	0.7070727	-0.7149312	-0.45824355	-0.73358345	-0.585858	0.9515068	-0.23238885	0.8596865	0.81651497
1.0507007	1.200839	0.52569085	-0.66922694	1.0083678	0.7016558	1.0359731	-0.22005296	0.30485052	0.086722456	-1.1966413	0.38041255	0.016387694	1.1616938	1.3634733
0.63025	0.5039626	0.7918225	-0.7588204	0.74041027	-0.060982805	0.56692487	-0.86613804	-0.63785064	-0.6463025	-0.6238972	0.7481441	-0.5329202	0.47709098	0.5571813
0.97272116	0.47454247	0.7041842	-0.88135475	0.65508133	-0.11842204	0.67258584	-0.7560142	-0.5227202	-0.57158047	-0.55129826	0.5298461	-0.7085662	0.5707427	0.64779043
0.66326565	0.6309538	0.5876169	-0.53909874	0.26364148	-0.1172084	0.39240575	-0.525706	-0.9354841	-0.7076477	-0.49137726	0.7506445	-0.38874772	0.4167669	0.459649
0.609449	0.61788714	1.3680083	-1.2554998	0.61823446	-1.2437106	0.18214394	-0.6438804	-0.89119035	-0.9155083	-0.5706145	1.0984147	-0.15053235	-0.09350859	0.7945776
0.5849902	0.5269726	0.5751374	-0.5147322	0.7416419	-0.76766926	0.7165857	-0.96694446	-0.71725476	-0.8557125	-0.52927864	0.73748094	-0.5707144	0.4363222	0.74505126
0.81938183	0.8123229	0.696154	-1.014309	0.8463725	-1.0924428	0.7694564	-0.73300296	-0.62424207	-0.19496518	-0.47213864	0.5779892	-0.71184015	0.9730201	0.61595935
1.205711	0.7587713	1.2750963	-0.8499415	0.65905887	-0.628846	0.5420772	-1.1736389	-0.035456378	-0.14866501	-0.41061315	0.68126965	-0.7399026	0.44019106	0.980101
0.49494562	0.6569523	0.42178458	-0.6297724	0.620239	-0.30149665	0.72139627	-0.97458714	-0.4552605	-0.6531313	-0.8872297	0.55841154	-0.73277754	0.6912088	0.5623978
0.7258361	0.56851655	0.7313743	-0.80591583	0.754342	-0.60645527	0.545307	-0.60054636	-0.7064573	-0.80302334	-0.90019584	0.5743856	-0.6265447	0.36616403	0.81030077
0.55464405	0.949756	0.29437625	-0.8655177	1.0485563	-1.1071731	0.59769714	-0.8663436	-0.5170845	-1.1252888	-0.6903456	0.67552406	-1.3684977	-0.115187556	0.5060476
0.6250642	0.5077434	1.1284304	-0.88729465	0.7193874	-0.0124286	0.6301899	-0.5500525	-0.2928297	-0.6286904	-0.53461325	0.89599943	-0.32036373	0.61760014	0.45920086
0.9085562	0.51534283	0.8942278	-0.8032873	0.6762619	-0.77178603	0.21991716	-0.6467606	-0.43885556	-0.4848334	-0.75880486	0.8250146	-0.7353548	0.4604081	0.92906505
0.5673986	0.60247225	0.18838836	-0.5085241	0.82190603	-0.9506466	0.2195582	-1.058716	-0.65174395	-0.8507692	-0.73483837	0.45942652	-0.6217028	0.515065	0.4246712
1.4260638	-0.108937	1.9830862	-1.9536296	-0.4073883	-0.56345135	0.17936496	-0.99970305	-1.4899933	-0.58044165	-0.4945123	0.86521083	0.1582632	0.26475134	0.9208141
0.6432221	0.73395586	0.6615677	-0.57864743	0.82392836	-0.4315195	0.6313285	-0.58805776	-0.7408549	-0.53132856	-0.7430508	0.4426109	-0.50884175	0.84556615	0.5977673
0.68718	0.38370007	0.08272753	-0.49851823	0.63343227	-1.7071546	-0.021715993	-0.2706607	-0.21900946	-0.7726445	-0.48452356	0.46663058	-0.38236704	1.1532685	0.52517617
0.76231813	0.7523013	0.7094881	-0.1712416	0.185958	-0.47226584	0.41220674	-0.8542085	-1.5359614	-1.0728855	-1.0283811	0.6420793	-1.9561932	1.8214507	0.3341712
0.73540014	0.6127957	0.48130918	-0.7730411	0.62824386	-0.29040912	0.3526938	-0.033552367	-0.72704	-0.43162787	-0.40273193	0.7520441	-0.27664486	0.50018895	0.66947764
0.7926917	1.4770038	0.036444075	2.012882	0.8158545	-0.86010534	0.6544656	-0.78486186	1.6506821	-0.8724503	-1.2409132	0.29033625	-1.0923426	-0.41435435	0.9075484
0.63441217	0.95533144	-0.46350002	-0.5304399	0.45577815	-1.4534639	1.3724786	1.6450027	-1.1395016	0.7826776	-1.0024304	1.2108008	-1.2702849	1.233672	0.11455627
0.60682446	0.6516289	0.67975897	-0.8672436	0.8224744	-0.26607102	0.7082624	-0.7098282	-0.40775362	-0.52308303	-0.71112454	0.6154416	-0.8569487	0.97749275	0.701002
0.79647726	0.8575888	0.7636699	-0.82869345	0.63784957	-0.50348586	0.7934368	-0.41809082	-0.23817882	-0.87764055	-0.58178294	0.78052515	-0.57096946	0.26297635	0.5129908
0.06384791	0.82159317	0.032882083	0.040151242	1.7637638	-2.7233152	0.96169364	-0.41314873	-2.2247102	-0.4692459	-0.3540944	-1.3107133	0.58080405	1.2637523	-0.10740224
0.4997229	0.0032476254	0.6918295	-0.27976415	0.702241	-1.1073941	0.8638445	-0.36913666	-1.1084765	-0.5996645	-0.41517088	0.5742252	-0.30389845	0.22256823	0.59063166
0.6687412	0.41215727	0.43807262	-0.9190911	-0.07162705	0.5427813	0.5812441	-1.1944375	0.062291227	-0.7105473	-0.4961237	0.9652107	-0.42127594	0.7293478	0.2751211
-0.31050888	-0.7114029	-1.1552998	-0.22296782	0.8265843	-0.6453877	0.7103276	-1.6221269	-1.4416754	-1.1418036	-0.62535566	0.85654646	-1.0173601	-0.33730555	0.058480103
0.53066766	0.2806721	1.3775785	-0.811399	0.44875136	-0.8675389	0.701502	-0.4030531	-0.6064961	-0.75796264	-0.59076464	0.61380535	-0.6061417	0.92826515	0.58938056
0.82912195	1.024926	1.0005622	-0.6500993	0.88577974	1.3355613	1.5409877	-0.69431156	0.60082453	-0.045840055	-0.034073066	0.0805555	-0.71751654	2.1649015	1.0922601
0.4619702	0.18851073	0.36401972	-0.28688273	0.5145163	-0.43991947	0.5412105	-0.21726944	-0.48177907	-0.4358928	-0.37876645	0.50838584	-0.45152953	0.39662775	0.4231094
1.123436	0.8869362	-0.33625862	-1.3542095	0.86016613	-2.5946736	-0.14210577	-0.07384935	1.1364913	-0.093580164	-0.7878246	0.6777745	-1.6380589	0.35335523	1.0826172
